moviename,theater,numberofkids,other,starttime,date,mpaa_rating,theater_chain,actress,zip,state,distanceconstraints,city,genre,video_format,critic_rating,actor,price,
zootopia,manville 12 plex,,,10:30am,tomorrow,,,,08835,nj,,hamilton,comedy,,good,,,
zootopia,manville 12 plex,,,10:30am,tomorrow,,,,08835,nj,,manville,comedy,,good,,,
zootopia,manville 12 plex,,,10:30am,tomorrow,,,,08835,nj,,bridgewater,comedy,,good,,,
zootopia,amc dine-in theatres bridgewater 7,,,10:30am,tomorrow,,,,08835,nj,,hamilton,comedy,,good,,,
zootopia,amc dine-in theatres bridgewater 7,,,10:30am,tomorrow,,,,08835,nj,,manville,comedy,,good,,,
kung fu panda 3,every single theatre,,not available,,this weekend,pg,,,98004,washington,,seattle,,,,,,
kung fu panda 3,every single theatre,,not available,,this weekend,pg,,,98004,washington,,bellevue,,,,,,
kung fu panda 3,bellevue lincoln square cinemas,,not available,,this weekend,pg,,,98004,washington,,seattle,,,,,,
kung fu panda 3,bellevue lincoln square cinemas,,not available,,this weekend,pg,,,98004,washington,,bellevue,,,,,,
kung fu panda 3,regal meridian 16,,not available,,this weekend,pg,,,98004,washington,,seattle,,,,,,
zootopia,regal meridian 16,two,movie assistant number,6:30pm,tonight,,regal meridian,,98101,wa,,seattle,,,,,,
zootopia,regal meridian 16,two,movie assistant number,6:30pm,tonight,,regal meridian,,98101,wa,,bellevue,,,,,,
zootopia,bellevue lincoln square cinemas,two,movie assistant number,6:30pm,tonight,,regal meridian,,98101,wa,,seattle,,,,,,
zootopia,bellevue lincoln square cinemas,two,movie assistant number,6:30pm,tonight,,regal meridian,,98101,wa,,bellevue,,,,,,
zootopia,regal meridian,two,movie assistant number,6:30pm,tonight,,regal meridian,,98101,wa,,seattle,,,,,,
zootopia,carmike summit 16,,,around 2pm,today,,,,,al,,birmingham,,,,,,
zootopia,carmike summit,,,around 2pm,today,,,,,al,,birmingham,,,,,,
zootopia,carmike summit 16,,,1:30,today,,,,,al,,birmingham,,,,,,
zootopia,carmike summit,,,1:30,today,,,,,al,,birmingham,,,,,,
zootopia,carmike summit 16,,,4:00,today,,,,,al,,birmingham,,,,,,
How to be single,century centre 9,,,night,tomorrow,,,,,,,san francisco,,,,,,
How to be single,Redwood City 20,,,night,tomorrow,,,,,,,san francisco,,,,,,
How to be single,century centre 9,,,11:05am,tomorrow,,,,,,,san francisco,,,,,,
How to be single,Redwood City 20,,,11:05am,tomorrow,,,,,,,san francisco,,,,,,
How to be single,century centre 9,,,1:45pm,tomorrow,,,,,,,san francisco,,,,,,
london has fallen,many,,search theater,latest showing,tonight,,,,,,,seattle,,,,,,
london has fallen,regal meridian 16,,search theater,latest showing,tonight,,,,,,,seattle,,,,,,
whiskey tango foxtrot,many,,search theater,latest showing,tonight,,,,,,,seattle,,,,,,
whiskey tango foxtrot,regal meridian 16,,search theater,latest showing,tonight,,,,,,,seattle,,,,,,
zootopia,many,,search theater,latest showing,tonight,,,,,,,seattle,,,,,,
deadpool,amc pacific place 11,,,9:00 pm,tomorrow,,,,,,,seattle,,,,,,
deadpool,carmike summit 16,,,around 6pm,today,,,,,al,,birmingham,,,,,,
deadpool,carmike summit 16,,,7:20,today,,,,,al,,birmingham,,,,,,
zootopia,regal meridian 16,,,9:10 pm,tomorrow,,,,,,,seattle,,,,,,
hail caesar,regal meridian 16,,,8:45 pm,tomorrow,,,,,,,seattle,,,,,,
hail caesar,regal meridian 16,,,8:45,tomorrow,,,,,,,seattle,,,,,,
star wars,regal lloyd center 10,,,10 pm,friday,,,,,oregon,,portland,,,,,,
star wars,regal lloyd center 10,,,9:50 pm,friday,,,,,oregon,,portland,,,,,,
zootopia,carmike 16,,,around 3 pm,tomorrow,,,,,al,,birmingham,kid,3d,,,,
zootopia,carmike 16,,,around 3 pm,tomorrow,,,,,al,,birmingham,kid,standard,,,,
zootopia,carmike 16,,,12pm,tomorrow,,,,,al,,birmingham,kid,3d,,,,
zootopia,carmike 16,,,12pm,tomorrow,,,,,al,,birmingham,kid,standard,,,,
 kung fu panda 3,carmike 16,,,around 3 pm,tomorrow,,,,,al,,birmingham,kid,3d,,,,
room,amc pacific place 11 theater,,,9:30 pm,tomorrow,,,,,,,seattle,,,,,,
zootopia,river east 21,,cannot book,night,saturday,,amc,,,,,,,2d,,,,
zootopia,river east 21,,cannot book,night,saturday,,amc,,,,,,,3d,,,,
zootopia,river east 21,,cannot book,night,tomorrow,,amc,,,,,,,2d,,,,
zootopia,river east 21,,cannot book,night,tomorrow,,amc,,,,,,,3d,,,,
zootopia,river east 21,,cannot book,6pm,saturday,,amc,,,,,,,2d,,,,
the witch,regal meridian 16,,,9:30 pm,tomorrow,,,,,,,seattle,,,,,,
deadpool,emagine theater,,,10:05am#12:30pm#2:55pm#5:30pm#8:00pm#10:40pm,3/11,,,,48071,mi,closest,royal oak,,,,,,
deadpool,emagine theater,,,10:05am#12:30pm#2:55pm#5:30pm#8:00pm#10:40pm,3/11,,,,48071,mi,closest,Royal Oak,,,,,,
deadpool,emagine theater,,,10:05am#12:30pm#2:55pm#5:30pm#8:00pm#10:40pm,3/11,,,,48071,mi,closest,madison heights,,,,,,
deadpool,emagine,,,10:05am#12:30pm#2:55pm#5:30pm#8:00pm#10:40pm,3/11,,,,48071,mi,closest,royal oak,,,,,,
deadpool,emagine,,,10:05am#12:30pm#2:55pm#5:30pm#8:00pm#10:40pm,3/11,,,,48071,mi,closest,Royal Oak,,,,,,
independce day,,,servicing tickets,7pm,,,,,,,,detroit,,,,,,
zootopia#kung fu panda 3,any,,,around 7pm,now,rated pg,,,,iowa,,des moines,,,,,,
zootopia#kung fu panda 3,FLIX BREWHOUSE DES MOINES,,,around 7pm,now,rated pg,,,,iowa,,des moines,,,,,,
zootopia#kung fu panda 3,CARMIKE COBBLESTONE 9,,,around 7pm,now,rated pg,,,,iowa,,des moines,,,,,,
zootopia#kung fu panda 3,any,,,around 7pm,tomorrow,rated pg,,,,iowa,,des moines,,,,,,
zootopia#kung fu panda 3,FLIX BREWHOUSE DES MOINES,,,around 7pm,tomorrow,rated pg,,,,iowa,,des moines,,,,,,
zootopia,cinemas,,,earliest showing,tomorrow afternoon,,,,,pennsylvania,,johnstown,,standard/2D version,,,,
zootopia,cinemas,,,earliest showing,tomorrow afternoon,,,,,pennsylvania,,johnstown,,3d,,,,
zootopia,cinemas,,,earliest showing,tomorrow afternoon,,,,,pennsylvania,,johnstown,,standard,,,,
zootopia,cinemas,,,12:45pm,tomorrow afternoon,,,,,pennsylvania,,johnstown,,standard/2D version,,,,
zootopia,cinemas,,,12:45pm,tomorrow afternoon,,,,,pennsylvania,,johnstown,,3d,,,,
the witch,regal meridian 16,,,9:30 pm,tomorrow,,,,,,,seattle,,,,,,
Deadpool,,,rotten tomatoes,,,,,,,,,,action,,84 percent,ryan reynolds,,
Deadpool,,,rotten tomatoes,,,,,,,,,,violence,,84 percent,ryan reynolds,,
Deadpool,,,rotten tomatoes,,,,,,,,,,action,,93 of audience,ryan reynolds,,
Deadpool,,,rotten tomatoes,,,,,,,,,,violence,,93 of audience,ryan reynolds,,
London has fallen,,,rotten tomatoes,,,,,,,,,,action,,84 percent,ryan reynolds,,
london has fallen,regal visalia stadium 10,,,12:35pm,march 12,,,,,california,,visalia,,,,,,
london has fallen,regal visalia stadium 10,,, 4:05pm,march 12,,,,,california,,visalia,,,,,,
london has fallen,regal visalia stadium 10,,, 7:05pm,march 12,,,,,california,,visalia,,,,,,
london has fallen,regal visalia stadium 10,,, 9:55pm,march 12,,,,,california,,visalia,,,,,,
london has fallen,regal visalia stadium 10,,,7:05 pm,march 12,,,,,california,,visalia,,,,,,
,,,pub serves good burgers,,,,,,,,near the space needle,,,,,,,
10 cloverfield lane,amc pacific place 11,,serves seafood,night,Friday,,,,98101,wa,area,seattle,,,,,,
10 cloverfield lane,amc pacific place 11,,serves seafood,night,Friday,,,,98101,wa,area,bellevue,,,,,,
10 cloverfield lane,bellevue lincoln square cinemas,,serves seafood,night,Friday,,,,98101,wa,area,seattle,,,,,,
10 cloverfield lane,bellevue lincoln square cinemas,,serves seafood,night,Friday,,,,98101,wa,area,bellevue,,,,,,
10 cloverfield lane,amc pacific place 11,,serves seafood,night,Friday,,,,98004,wa,area,seattle,,,,,,
lolo,amc loews boston common 19,,,8pm,saturday,,,,,ma,nearest,boston,,,,,,
lolo,amc loews boston common 19,,,8:20,saturday,,,,,ma,nearest,boston,,,,,,
deadpool,amc loews boston common 19,,,8pm,saturday,,,,,ma,nearest,boston,,,,,,
deadpool,amc loews boston common 19,,,8:20,saturday,,,,,ma,nearest,boston,,,,,,
deadpool,bellevue lincoln square cinemas,,,8:15pm,tonight,,,,98004,washington,near 98119,bellevue,superhero,,,ryan reynolds,,
deadpool,amc pacific place 11,,,8:15pm,tonight,,,,98004,washington,near 98119,bellevue,superhero,,,ryan reynolds,,
deadpool,bellevue lincoln square cinemas,,,8:15pm,tonight,,,,98004,wa,near 98119,bellevue,superhero,,,ryan reynolds,,
deadpool,amc pacific place 11,,,8:15pm,tonight,,,,98004,wa,near 98119,bellevue,superhero,,,ryan reynolds,,
how to be single,amc pacific place 11,,date,between 9 and 10,tonight,,,,98101,washington,,seattle,romance,,best,,,
how to be single,amc pacific place 11,,date,between 9 and 10,tonight,,,,98101,wa,,seattle,romance,,best,,,
how to be single,amc pacific place 11,,date,7:20,tonight,,,,98101,washington,,seattle,romance,,best,,,
how to be single,amc pacific place 11,,date,7:20,tonight,,,,98101,wa,,seattle,romance,,best,,,
how to be single,amc pacific place 11,,date,10:20,tonight,,,,98101,washington,,seattle,romance,,best,,,
the witch#the other side of the door#the boy,amc showplace carbondale 8,,scary,night,tuesday,,,,,illinois,,carbondale,thriller,,,,,
the witch#the other side of the door#the boy,amc showplace carbondale 8,,scary,after 7pm,tuesday,,,,,illinois,,carbondale,thriller,,,,,
the witch#the other side of the door#the boy,amc showplace carbondale 8,,scary,4:40 pm,tuesday,,,,,illinois,,carbondale,thriller,,,,,
the witch#the other side of the door#the boy,amc showplace carbondale 8,,scary,before dinner,tuesday,,,,,illinois,,carbondale,thriller,,,,,
the other side of the door,amc showplace carbondale 8,,scary,night,tuesday,,,,,illinois,,carbondale,thriller,,,,,
triple 9,amc lowes oak tree,,,7:10 pm,tomorrow,,,,,,,seattle,,,,,,
triple 9,amc lowes oak tree 6,,,7:10 pm,tomorrow,,,,,,,seattle,,,,,,
zootopia,regal meridian 16,,,9:10 pm,tomorrow,,,,,,,seattle,,,,,,
deadpool,royal oak emagine theater,,,betwenn 8-10 pm,,,,,,,,,,,,,,
deadpool,carmike summit 16,,,4 pm,today,,,,,al,closest time,birmingham,,,,,,
deadpool,carmike summit 16,,,4:20,today,,,,,al,closest time,birmingham,,,,,,
deadpool,carmike summit 16,,,4:20pm,today,,,,,al,closest time,birmingham,,,,,,
The Witch,Regal LA LIVE Stadium 14,,,from noon to 4pm,tonight,,,,,,,los angeles,,,,,,
The Witch,regal la live stadium,,,from noon to 4pm,tonight,,,,,,,los angeles,,,,,,
The Witch,Regal LA LIVE Stadium 14,,,8:30pm,tonight,,,,,,,los angeles,,,,,,
The Witch,regal la live stadium,,,8:30pm,tonight,,,,,,,los angeles,,,,,,
The Witch,Regal LA LIVE Stadium 14,,,11:00pm,tonight,,,,,,,los angeles,,,,,,
the big short,regal meridian 16,,,8:45 pm,tomorrow,,,,,,,seattle,,,,,,
,Big Picture,,restaurant,,,,,,,,space needle,,,,,,,
,Big Picture,,beer,,,,,,,,space needle,,,,,,,
,Cinerama,,restaurant,,,,,,,,space needle,,,,,,,
,Cinerama,,beer,,,,,,,,space needle,,,,,,,
,Central Cinema,,restaurant,,,,,,,,space needle,,,,,,,
the big short,regal meridian 16,,,8:45 pm,tomorrow,,,,,,,seattle,,,,,,
gods of egypt,,,,around 7pm,tonight,pg13,,,,,,detroit,action,,,,,
gods of egypt,,,,around 7pm,tonight,pg-13,,,,,,detroit,action,,,,,
star wars,,,,around 7pm,tonight,pg13,,,,,,detroit,action,,,,,
star wars,,,,around 7pm,tonight,pg-13,,,,,,detroit,action,,,,,
zootopia,regal meridian 16,,,9:10 pm,tomorrow,,,,,,,seattle,,,,,,
 Young Messiah,,1,, Matinee,saturday,,amc loews stony brook 17,,,ny,,stony brook,,,,,,
 Young Messiah,,1,,11:05am,saturday,,amc loews stony brook 17,,,ny,,stony brook,,,,,,
 Young Messiah,,1,,1:45pm,saturday,,amc loews stony brook 17,,,ny,,stony brook,,,,,,
The Young Messiah,,1,, Matinee,saturday,,amc loews stony brook 17,,,ny,,stony brook,,,,,,
The Young Messiah,,1,,11:05am,saturday,,amc loews stony brook 17,,,ny,,stony brook,,,,,,
eddie the eagle,century rowland plaza,,,4pm to 7pm,next friday,,,,94952,,,,,,,,,
eddie the eagle,the century rowland plaza,,,4pm to 7pm,next friday,,,,94952,,,,,,,,,
eddie the eagle,century rowland plaza,,,4:20pm,next friday,,,,94952,,,,,,,,,
eddie the eagle,the century rowland plaza,,,4:20pm,next friday,,,,94952,,,,,,,,,
eddie the eagle,century rowland plaza,,,6:55pm,next friday,,,,94952,,,,,,,,,
risen,regency commerce 14,,,11:50am,tomorrow,,,,,,,,,,,,,
risen,regency commerce 14,,,2:30pm,tomorrow,,,,,,,,,,,,,
risen,regency commerce 14,,,5:10,tomorrow,,,,,,,,,,,,,
risen,regency commerce 14,,,7:50,tomorrow,,,,,,,,,,,,,
risen,regency commerce 14,,,10:25,tomorrow,,,,,,,,,,,,,
zoolander 2,regal meridian 16,,,9:25 pm,tomorrow,,,,,,,seattle,,,,,,
deadpool,amc pacific place 11 theater,,,9:00 pm,tomorrow,,,,,,,seattle,,,,,,
zootopia,many,,,around 2pm,saturday,,,,,,east side,seattle,,,,,,
zootopia,bellevue lincoln square cinemas,,,around 2pm,saturday,,,,,,east side,seattle,,,,,,
zootopia,bellevue lincoln square,,,around 2pm,saturday,,,,,,east side,seattle,,,,,,
zootopia,many,,,2:35 pm,saturday,,,,,,east side,seattle,,,,,,
zootopia,bellevue lincoln square cinemas,,,2:35 pm,saturday,,,,,,east side,seattle,,,,,,
the witch,regal meridian 16,,,9:30 pm,tomorrow,,,,,,,seattle,,,,,,
zootopia,amc west shore 14 210 Westshore Plaza,,,afternoon,saturday,,,,,fl,,tampa,,3d,,,,
zootopia,amc west shore 14 210 Westshore Plaza,,,afternoon,saturday,,,,,fl,,tampa,,standard,,,,
zootopia,amc west shore 14 210 Westshore Plaza,,,10:00am,saturday,,,,,fl,,tampa,,3d,,,,
zootopia,amc west shore 14 210 Westshore Plaza,,,10:00am,saturday,,,,,fl,,tampa,,standard,,,,
zootopia,amc west shore 14 210 Westshore Plaza,,,12:45pm,saturday,,,,,fl,,tampa,,3d,,,,
zootopia,bellevue lincoln square cinemas,,restaurant,10:00am,weekend,,,,98004,wa,downtown,seattle,,,good place,,,
zootopia,bellevue lincoln square cinemas,,restaurant,10:00am,weekend,,,,98004,wa,downtown,bellevue,,,good place,,,
zootopia,pacific science center imax theaters,,restaurant,10:00am,weekend,,,,98004,wa,downtown,seattle,,,good place,,,
zootopia,pacific science center imax theaters,,restaurant,10:00am,weekend,,,,98004,wa,downtown,bellevue,,,good place,,,
zootopia,bellevue lincoln square cinemas,,restaurant,10:00am,weekend,,,,98109,wa,downtown,seattle,,,good place,,,
zootopia,carmike summit 16,,,10:00am,saturday,pg,,,35243,al,,birmingham,action,,most scene,,,
zootopia,carmike summit 16,,,10:00am,saturday,pg,,,35243,al,,hoover,action,,most scene,,,
zootopia,carmike patton creek,,,10:00am,saturday,pg,,,35243,al,,birmingham,action,,most scene,,,
zootopia,carmike patton creek,,,10:00am,saturday,pg,,,35243,al,,hoover,action,,most scene,,,
zootopia,carmike summit 16,,,10:00am,saturday,pg,,,35244,al,,birmingham,action,,most scene,,,
eddie the eagle,regal meridian sundance cinemas,,,,,,,,,,,seattle,drama,,,,,
the big short,regal meridian sundance cinemas,,,,,,,,,,,seattle,drama,,,,,
eddie the eagle,regal thornton place,,,,,,,,,,,seattle,drama,,,,,
the big short,regal thornton place,,,,,,,,,,,seattle,drama,,,,,
Avengers,,,,,,,,,,,,,,,,,,
Finding Dory,,,,,,,,,,,,,,,,,,
zoology,REGAL NATOMAS MARKETPLACE STADIUM 16 & RPX,,,morning,tomorrow,,,,,ca,close to 95833,Sacramento,,3d,,,,
zoology,Regal Natomas Marketplace,,,morning,tomorrow,,,,,ca,close to 95833,Sacramento,,3d,,,,
zoology,REGAL NATOMAS MARKETPLACE STADIUM 16 & RPX,,,morning,tomorrow,,,,,ca,close to 95833,Sacramento,,standard,,,,
zoology,Regal Natomas Marketplace,,,morning,tomorrow,,,,,ca,close to 95833,Sacramento,,standard,,,,
zoology,REGAL NATOMAS MARKETPLACE STADIUM 16 & RPX,,,morning,tomorrow,,,,,ca,close to 95833,Sacramento,,IMAX,,,,
deadpool,amc pacific place 11,,,10pm,tonight,,,,,,,seattle,,,,,,
deadpool,amc pacific place 11,,,10pm,tomorrow,,,,,,,seattle,,,,,,
deadpool,amc pacific place 11,,,10:00 pm,tonight,,,,,,,seattle,,,,,,
deadpool,amc pacific place 11,,,10:00 pm,tomorrow,,,,,,,seattle,,,,,,
batman,,,mexican restaurant,,march 24th,,,,,,,,,,,,,
batman,,,mexican restaurant,,openingnight,,,,,,,,,,,,,
batman,,,mexican restaurant,, a different day,,,,,,,,,,,,,
batman vs superman,,,mexican restaurant,,march 24th,,,,,,,,,,,,,
batman vs superman,,,mexican restaurant,,openingnight,,,,,,,,,,,,,
race,amc lowes oak tree 6,,,4:50 pm,tomorrow,,,,,,,seattle,,,,,,
deadpool,amc hamilton 24,,,7pm,tomorrow,,amc hamilton 24,,,nj,,hamilton,,,,,,
deadpool,amc hamilton 24,,,7:05,tomorrow,,amc hamilton 24,,,nj,,hamilton,,,,,,
hail caesar,amc lowes oak tree 6,,,7:15 pm,tomorrow,,,,,,,seattle,,,,,,
zootopia,carmike summit 16,,,around 4pm,today,,,,,al,,birmingham,,3d,,,,
zootopia,carmike summit 16,,,around 4pm,today,,,,,al,,birmingham,,standard,,,,
zootopia,carmike summit 16,,,4 PM,today,,,,,al,,birmingham,,3d,,,,
zootopia,carmike summit 16,,,4 PM,today,,,,,al,,birmingham,,standard,,,,
zootopia,regal meridan 16,no,,night,tomorrow,,,,,wa,,seattle,,regular,,,,
zootopia,bellevue lincoln square cinemas,no,,night,tomorrow,,,,,wa,,seattle,,regular,,,,
zootopia,pacific science center imax theaters,no,,night,tomorrow,,,,,wa,,seattle,,regular,,,,
zootopia,regal meridan 16,no,,night,tomorrow,,,,,wa,,seattle,,3d,,,,
zootopia,bellevue lincoln square cinemas,no,,night,tomorrow,,,,,wa,,seattle,,3d,,,,
zootopia,elmwood palace 20,,,5pm,tomorrow,,amc,,70070,,,seattle,funny,,number 1,,,
zootopia,elmwood palace 20,,,5:00 pm,tomorrow,,amc,,70070,,,seattle,funny,,number 1,,,
zootopia,elmwood palace 20,,,5pm,tomorrow,,amc,,70070,,,seattle,comedy,,number 1,,,
zootopia,elmwood palace 20,,,5:00 pm,tomorrow,,amc,,70070,,,seattle,comedy,,number 1,,,
revenant,regal hollywood stadium 27,,,around 8 pm,tomorrow evening,,,,,tn,,nashville,,,,,,
revenant,regal hollywood stadium 27,,,7:50pm,tomorrow evening,,,,,tn,,nashville,,,,,,
,,,best restaurant,7:00 pm,tomorrow,,amc pacific place 11,,,,,Seattle,,,,,,
,,,best restaurant,7:00 pm,tomorrow,,amc pacific place 11,,,,,seattle,,,,,,
zootopia,chase park plaza cinemas,2,,afternoon,thursday,pg,,,,,,st louis,kids,,4.5/5,,,
zootopia,chase park plaza cinemas,2,,11:00am,thursday,pg,,,,,,st louis,kids,,4.5/5,,,
zootopia,chase park plaza cinemas,2,,1:30pm,thursday,pg,,,,,,st louis,kids,,4.5/5,,,
zootopia,chase park plaza cinemas,2,,4pm,thursday,pg,,,,,,st louis,kids,,4.5/5,,,
zootopia,chase park plaza cinemas,2,,130pm,thursday,pg,,,,,,st louis,kids,,4.5/5,,,
london has fallen,,,,closest to noon,next saturday,,,,90601,,closest,whittier village stadium cinemas,action,,top rated,,,
london has fallen,,,,closest to noon,March 12th,,,,90601,,closest,whittier village stadium cinemas,action,,top rated,,,
london has fallen,,,,1:30pm,next saturday,,,,90601,,closest,whittier village stadium cinemas,action,,top rated,,,
london has fallen,,,,1:30pm,March 12th,,,,90601,,closest,whittier village stadium cinemas,action,,top rated,,,
zoolander 2,regal meridian 16,,,9:25 pm,tomorrow,,,,,,,seattle,,,,,,
star wars the force awakens,regal lloyd center century eastport 16,,japanese restaurant,late showing,tonight,,,,,oregon,,seattle,,,,,,
star wars the force awakens,regal lloyd center century eastport 16,,japanese restaurant,late showing,tonight,,,,,oregon,,southeast portland,,,,,,
star wars the force awakens,regal lloyd center century eastport 16,,japanese restaurant,late showing,tonight,,,,,oregon,,portland,,,,,,
star wars the force awakens,regal movies on tv stadium 16,,japanese restaurant,late showing,tonight,,,,,oregon,,seattle,,,,,,
star wars the force awakens,regal movies on tv stadium 16,,japanese restaurant,late showing,tonight,,,,,oregon,,southeast portland,,,,,,
zootopia,regal meridian 16,,,4:10&&7:00&&9:50pm,tonight,,,,98101,wa,,seattle,,2d,,,,
zootopia,regal meridian 16,,,4:10&&7:00&&9:50pm,tonight,,,,98101,wa,,bellevue,,2d,,,,
zootopia,bellevue lincoln square cinemas,,,4:10&&7:00&&9:50pm,tonight,,,,98101,wa,,seattle,,2d,,,,
zootopia,bellevue lincoln square cinemas,,,4:10&&7:00&&9:50pm,tonight,,,,98101,wa,,bellevue,,2d,,,,
zootopia,regal meridian 16,,,4:10&&7:00&&9:50pm,tonight,,,,98004,wa,,seattle,,2d,,,,
deadpool,amc pacific place 11,,,10pm,tonight,,,,,,,seattle,,,,,,
deadpool,amc pacific place 11,,,10pm,tomorrow,,,,,,,seattle,,,,,,
deadpool,amc pacific place 11,,,10:00 pm,tonight,,,,,,,seattle,,,,,,
deadpool,amc pacific place 11,,,10:00 pm,tomorrow,,,,,,,seattle,,,,,,
,,,pub,,,,,,,,near space needle,,,,,,,
deadpool,carmike summit 16,,,2pm,saturday,,,,,al,,birmingham,,,,,,
deadpool,carmike summit 16,,,2:20 pm,saturday,,,,,al,,birmingham,,,,,,
zootopia,bellevue lincoln square cinemas,,restaurant,10:00am,last weekend,best,,,98004,wa,downtown,seattle,,,good,,,
zootopia,bellevue lincoln square cinemas,,restaurant,10:00am,last weekend,best,,,98004,wa,downtown,bellevue,,,good,,,
zootopia,pacific science center imax theaters,,restaurant,10:00am,last weekend,best,,,98004,wa,downtown,seattle,,,good,,,
zootopia,pacific science center imax theaters,,restaurant,10:00am,last weekend,best,,,98004,wa,downtown,bellevue,,,good,,,
zootopia,bellevue lincoln square cinemas,,restaurant,10:00am,last weekend,best,,,98109,wa,downtown,seattle,,,good,,,
whiskey tango foxtrot,Regal South Beach,,,around 9pm,tonight,,,,,florida,south beach,miami,,,,,,
whiskey tango foxtrot,Cinepolis USA,,,around 9pm,tonight,,,,,florida,south beach,miami,,,,,,
whiskey tango foxtrot,Cobb Dolphin Cinemas,,,around 9pm,tonight,,,,,florida,south beach,miami,,,,,,
whiskey tango foxtrot,cobb dolphin cinemas,,,around 9pm,tonight,,,,,florida,south beach,miami,,,,,,
whiskey tango foxtrot,Regal South Beach,,,9pm,tonight,,,,,florida,south beach,miami,,,,,,
london has fallen,amc southcenter 16,,number 1,9:30 pm,this weekend,,amc,,,,,seattle,action,,,,,
london has fallen,amc southcenter 16,,number 1,9:30 pm,this weekend,,regency,,,,,seattle,action,,,,,
london has fallen,amc southcenter 16,,number 1,9:30 pm,this week,,amc,,,,,seattle,action,,,,,
london has fallen,amc southcenter 16,,number 1,9:30 pm,this week,,regency,,,,,seattle,action,,,,,
london has fallen,amc southcenter 16,,number 1,9:30 pm,wednesday,,amc,,,,,seattle,action,,,,,
the other side of the door,,,,,,,,,,il,,chicago,scary,,,,,
the witch,,,,,,,,,,il,,chicago,scary,,,,,
TheWitch,ua kaufman astoria stadium 14,,,7:00pm,today,,,,10035,,,nyc,horror,,,,,
TheWitch,ua kaufman astoria stadium 14,,,8:40pm,today,,,,10035,,,nyc,horror,,,,,
The Other Side of The Door,ua kaufman astoria stadium 14,,,7:00pm,today,,,,10035,,,nyc,horror,,,,,
The Other Side of The Door,ua kaufman astoria stadium 14,,,8:40pm,today,,,,10035,,,nyc,horror,,,,,
the other side of the door,ua kaufman astoria stadium 14,,,7:00pm,today,,,,10035,,,nyc,horror,,,,,
gods of egypt,regal theater,,,around 7 pm,tomorrow,,,,,,,sacramento,,standard,,,,
gods of egypt,the Holiday 6,,,around 7 pm,tomorrow,,,,,,,sacramento,,standard,,,,
gods of egypt, the Stadium 5,,,around 7 pm,tomorrow,,,,,,,sacramento,,standard,,,,
gods of egypt,the Natomas Marketplace Stadium,,,around 7 pm,tomorrow,,,,,,,sacramento,,standard,,,,
gods of egypt,Natomas Marketplace Stadium,,,around 7 pm,tomorrow,,,,,,,sacramento,,standard,,,,
deadpool,richland cinemas,,,latest showing,now,,amc loews waterfront 22,,,pa,,johnstown,comedy,,good,,,
deadpool,richland cinemas,,,latest showing,now,,amc loews waterfront 22,,,pa,,pittsburgh,comedy,,good,,,
deadpool,this theater,,,latest showing,now,,amc loews waterfront 22,,,pa,,johnstown,comedy,,good,,,
deadpool,this theater,,,latest showing,now,,amc loews waterfront 22,,,pa,,pittsburgh,comedy,,good,,,
deadpool,amc loews waterfront 22,,,latest showing,now,,amc loews waterfront 22,,,pa,,johnstown,comedy,,good,,,
the witch,amc phipps plaza 14,,switch cities,8pm,03\/15\/2016,,,,30326,ga,near,atlanta,horror,,,,,
the witch,amc phipps plaza 14,,switch cities,8pm,03\/15\/2016,,,,30326,ga,near,south barrington,horror,,,,,
the witch,AMC SOUTH BARRINGTON 30,,switch cities,8pm,03\/15\/2016,,,,30326,ga,near,atlanta,horror,,,,,
the witch,AMC SOUTH BARRINGTON 30,,switch cities,8pm,03\/15\/2016,,,,30326,ga,near,south barrington,horror,,,,,
the witch,amc phipps plaza 14,,switch cities,8pm,03\/15\/2016,,,,30326,ga,south barrington,atlanta,horror,,,,,
10 cloverfield lane,regal la live stadium 14,,,11:45am,tomorrow,,,,90015,ca,nearest,los angeles,,,,,,
10 cloverfield lane,pacific theatres at the grove,,,11:45am,tomorrow,,,,90015,ca,nearest,los angeles,,,,,,
10 cloverfield lane,regal la stadium 14,,,11:45am,tomorrow,,,,90015,ca,nearest,los angeles,,,,,,
10 cloverfield lane,regal la,,,11:45am,tomorrow,,,,90015,ca,nearest,los angeles,,,,,,
10 cloverfield lane,regal la live stadium 14,,,11:45am,tomorrow,,,,90036,ca,nearest,los angeles,,,,,,
zootopia,regal meridian 16,,restaurant,around 8 pm,tomorrow,,,,,wa,near me,seattle,,3d,good,,,
zootopia,bellevue lincoln square cinemas,,restaurant,around 8 pm,tomorrow,,,,,wa,near me,seattle,,3d,good,,,
zootopia,varsity theater,,restaurant,around 8 pm,tomorrow,,,,,wa,near me,seattle,,3d,good,,,
zootopia,regal meridian 16,,restaurant,around 8 pm,tomorrow,,,,,wa,near me,seattle,,regular,good,,,
zootopia,bellevue lincoln square cinemas,,restaurant,around 8 pm,tomorrow,,,,,wa,near me,seattle,,regular,good,,,
zootopia,theaters all over,,,around 6 pm,this evening,,,,98101,wa,south side,seattle,,2d,,,,
zootopia,theaters all over,,,around 6 pm,this evening,,,,98101,wa,south side,over seattle,,2d,,,,
zootopia,theaters all over,,,around 6 pm,this evening,,,,98101,wa,south side,bellevue,,2d,,,,
zootopia,regal meridian 16,,,around 6 pm,this evening,,,,98101,wa,south side,seattle,,2d,,,,
zootopia,regal meridian 16,,,around 6 pm,this evening,,,,98101,wa,south side,over seattle,,2d,,,,
deadpool,alamo draft house,,,5pm,tonight,,,,,,,dallas,,,,,,
deadpool,alamo drafthouse,,,5pm,tonight,,,,,,,dallas,,,,,,
deadpool,alamo draft house,,,7:55pm,tonight,,,,,,,dallas,,,,,,
deadpool,alamo drafthouse,,,7:55pm,tonight,,,,,,,dallas,,,,,,
deadpool,alamo draft house,,,10:15pm,tonight,,,,,,,dallas,,,,,,
deadpool,,,unable to book movies,,tonight,,,,,mn,,st louis park,,,,,,
deadpool,,,I cannot understand your reply,,tonight,,,,,mn,,st louis park,,,,,,
zoolander 2,regal meridian 16,,,9:25 pm,tomorrow,,,,,,,seattle,,,,,,
risen,regency commerce 14,,,11:50am,tomorrow,,,,,,,,,,,,,
risen,regency commerce 14,,,2:30pm,tomorrow,,,,,,,,,,,,,
risen,regency commerce 14,,,7:50,tomorrow,,,,,,,,,,,,,
risen,regency commerce 14,,,10:25,tomorrow,,,,,,,,,,,,,
risen,regency commerce 14,,,2:30,tomorrow,,,,,,,,,,,,,
,,,purchase tickets,,,,,,,,,,,,,,,
,,,look up date,,,,,,,,,,,,,,,
,,,increased functionality,,,,,,,,,,,,,,,
star wars,Living Room Theaters Regal Lloyd Center 10,,,12:05pm,this friday,,,,,oregon,,portland,,,,,,
star wars,century Eastport 16,,,12:05pm,this friday,,,,,oregon,,portland,,,,,,
star wars,regal lloyd center 10,,,12:05pm,this friday,,,,,oregon,,portland,,,,,,
star wars,Living Room Theaters Regal Lloyd Center 10,,,6:25pm,this friday,,,,,oregon,,portland,,,,,,
star wars,century Eastport 16,,,6:25pm,this friday,,,,,oregon,,portland,,,,,,
zootopia,regal pioneer place,,functionality,after 5 pm,friday,,,,,oregon,,portland,,3d,,,,
zootopia,regal lloyd center 10,,functionality,after 5 pm,friday,,,,,oregon,,portland,,3d,,,,
zootopia,regal pioneer place,,functionality,after 5 pm,friday,,,,,oregon,,portland,, standard,,,,
zootopia,regal lloyd center 10,,functionality,after 5 pm,friday,,,,,oregon,,portland,, standard,,,,
zootopia,regal pioneer place,,functionality,after 5 pm,friday,,,,,oregon,,portland,,standard,,,,
zootopia,regal meridian 16,,,night around 8pm,tomorrow,,,,98101,wa,,seattle,,,top 4,,,
zootopia,regal meridian 16,,,night around 8pm,tomorrow,,,,98101,wa,,bellevue,,,top 4,,,
zootopia,bellevue lincoln square cinemas,,,night around 8pm,tomorrow,,,,98101,wa,,seattle,,,top 4,,,
zootopia,bellevue lincoln square cinemas,,,night around 8pm,tomorrow,,,,98101,wa,,bellevue,,,top 4,,,
zootopia,regal meridian 16,,,night around 8pm,tomorrow,,,,98004,wa,,seattle,,,top 4,,,
zootopia,regal meridian 16,,name,8:40pm,tonight,,,,,,,seattle,,,,,,
zootopia,regal meridian 16,,Master User,8:40pm,tonight,,,,,,,seattle,,,,,,
zootopia,regal meridian 16,,name,8:40,tonight,,,,,,,seattle,,,,,,
zootopia,regal meridian 16,,Master User,8:40,tonight,,,,,,,seattle,,,,,,
Zootopia,regal meridian 16,,name,8:40pm,tonight,,,,,,,seattle,,,,,,
star wars,regal lloyd center 10 & IMAX,,,12:05pm,friday,,,,97232,oregon,,portland,,,,,$20,
star wars,regal lloyd center 10 & IMAX,,,12:05pm,friday,,,,97232,oregon,,Portland,,,,,$20,
star wars,CENTURY 16 EASTPORT PLAZA,,,12:05pm,friday,,,,97232,oregon,,portland,,,,,$20,
star wars,CENTURY 16 EASTPORT PLAZA,,,12:05pm,friday,,,,97232,oregon,,Portland,,,,,$20,
star wars,century 16 EASTPORT PLAZA,,,12:05pm,friday,,,,97232,oregon,,portland,,,,,$20,
zootopia,regal meridian 16,,,9:10 pm,tomorrow,,,,,,,seattle,,,,,,
zootopia,regal meridian 16,,name,8:40pm tonight,tonight,,,,,,,seattle,,,,,,
zootopia,regal meridian 16,,master user,8:40pm tonight,tonight,,,,,,,seattle,,,,,,
zootopia,regal meridian 16,,name,8:40,tonight,,,,,,,seattle,,,,,,
zootopia,regal meridian 16,,master user,8:40,tonight,,,,,,,seattle,,,,,,
hail caesar,regal meridian 16,,,8:45 pm,tomorrow,,,,,,,seattle,,,,,,
kung fu panda 3,regal barkley village stadium 16,,,around 8pm,tonight,,,,98272,wa,near me,Monroe,,,,,,
kung fu panda 3,amc loews cascade mall,,,around 8pm,tonight,,,,98272,wa,near me,Monroe,,,,,,
kung fu panda 3,regal marysville 14,,,around 8pm,tonight,,,,98272,wa,near me,Monroe,,,,,,
kung fu panda 3,regal barkley village stadium 16,,,9:10,tonight,,,,98272,wa,near me,Monroe,,,,,,
kung fu panda 3,amc loews cascade mall,,,9:10,tonight,,,,98272,wa,near me,Monroe,,,,,,
zootopia,park west 14,,,around 6pm,saturday,appropriate for the whole family,,,,north carolina,,cary,,3d,,,,
zootopia,fangandgo,,,around 6pm,saturday,appropriate for the whole family,,,,north carolina,,cary,,3d,,,,
zootopia,Frank Theatres Parkside Town Commons Stadium 11,,,around 6pm,saturday,appropriate for the whole family,,,,north carolina,,cary,,3d,,,,
zootopia,Frank Theatres,,,around 6pm,saturday,appropriate for the whole family,,,,north carolina,,cary,,3d,,,,
zootopia,park west 14,,,around 6pm,saturday,pg,,,,north carolina,,cary,,3d,,,,
hail caesar,regal meridian 16,,name,8:45 pm,tomorrow,,,,,,,seattle,,,,,,
deadpool,carmike summit 16,,,around 2pm,today,,,,35243,al,,birmingham,action,,,,,
deadpool,carmike summit,,,around 2pm,today,,,,35243,al,,birmingham,action,,,,,
deadpool,carmike summit 16,,,2:20PM,today,,,,35243,al,,birmingham,action,,,,,
deadpool,carmike summit,,,2:20PM,today,,,,35243,al,,birmingham,action,,,,,
deadpool,carmike summit 16,,,2:20,today,,,,35243,al,,birmingham,action,,,,,
london has fallen,whittier village stadium cinemas,,,between noon and 4pm,next sunday,,,,90602,ca,,whittier,,,,,,
london has fallen,whittier village stadium cinemas,,,1:30pm,next sunday,,,,90602,ca,,whittier,,,,,,
london has fallen,whittier village stadium cinemas,,,between noon and 4pm,3/13,,,,90602,ca,,whittier,,,,,,
london has fallen,whittier village stadium cinemas,,,1:30pm,3/13,,,,90602,ca,,whittier,,,,,,
the witch,cinemar downey,,two,early,tomorrow,,,,90601,,,,,,,,,
the witch,amc theaters puente hills,,two,early,tomorrow,,,,90601,,,,,,,,,
the witch,cinemar downey,,two,10:35,tomorrow,,,,90601,,,,,,,,,
the witch,amc theaters puente hills,,two,10:35,tomorrow,,,,90601,,,,,,,,,
the witch,cinemar downey,,two,11:40 am,tomorrow,,,,90601,,,,,,,,,
zoolander 2,wehrenberg o'fallon 15 cine,,another preference,afternoon,tomorrow,,,,62269,illinois,,sparta,romantic comedies,,,,,
zoolander 2,wehrenberg o'fallon 15 cine,,another preference,afternoon,tomorrow,,,,62269,illinois,,Shiloh,romantic comedies,,,,,
zoolander 2,wehrenberg o'fallon 15 cine,,another preference,afternoon,tomorrow,,,,62269,illinois,,Belleville,romantic comedies,,,,,
zoolander 2,wehrenberg o'fallon 15 cine,,another preference,afternoon,tomorrow,,,,62269,illinois,,o'fallon,romantic comedies,,,,,
zoolander 2,wehrenberg o'fallon 15 cine,,another preference,afternoon,tomorrow,,,,62269,illinois,,fairview heights,romantic comedies,,,,,
zootopia,regal meridian 16,,,9:10 pm,tomorrow,,,,,,,seattle,,,,,,
zootopia,,,,,tomorrow night,,,,,,,seattle,,,,,,
deadpool,amc pacific place 11,,,6:10pm,tonight,,amc,,98101,wa,,seattle,,,,,,
deadpool,amc pacific place 11,,,6:10pm,tonight,,amc,,98101,wa,,bellevue,,,,,,
deadpool,bellevue lincoln square cinemas,,,6:10pm,tonight,,amc,,98101,wa,,seattle,,,,,,
deadpool,bellevue lincoln square cinemas,,,6:10pm,tonight,,amc,,98101,wa,,bellevue,,,,,,
deadpool,pacific place 11,,,6:10pm,tonight,,amc,,98101,wa,,seattle,,,,,,
first,,,purchase tickets,,,,,,,,,,,,,,,
zootopia,carmike summit 16,,,2 pm,saturday,pg,,,,al,,birmingham,family friendly,3d,,,,
zootopia,carmike summit 16,,,2 pm,saturday,pg,,,,al,,birmingham,family friendly,standard,,,,
zootopia,carmike summit 16,,,2 pm,saturday,pg,,,,alabama,,birmingham,family friendly,3d,,,,
zootopia,carmike summit 16,,,2 pm,saturday,pg,,,,alabama,,birmingham,family friendly,standard,,,,
zootopia,carmike summit 16,,,1:45pm,saturday,pg,,,,al,,birmingham,family friendly,3d,,,,
zootopia,bellevue lincoln square cinemas,,,around 2pm,saturday,,,,,,east side,seattle,,,,,,
zootopia,bellevue lincoln square,,,around 2pm,saturday,,,,,,east side,seattle,,,,,,
zootopia,bellevue lincoln square cinemas,,,2:35 pm,saturday,,,,,,east side,seattle,,,,,,
zootopia,bellevue lincoln square,,,2:35 pm,saturday,,,,,,east side,seattle,,,,,,
zootopia,bellevue lincoln square cinemas,,,2:35,saturday,,,,,,east side,seattle,,,,,,
zootopia,regal meridian 16,,,4:10,tonight,,,,98004,wa,,seattle,,2d,,,,
zootopia,regal meridian 16,,,4:10,tonight,,,,98004,wa,,bellevue,,2d,,,,
zootopia,bellevue lincoln square cinemas,,,4:10,tonight,,,,98004,wa,,seattle,,2d,,,,
zootopia,bellevue lincoln square cinemas,,,4:10,tonight,,,,98004,wa,,bellevue,,2d,,,,
zootopia,regal meridian 16,,,4:10,tonight,,,,98004,wa,,seattle,,3d,,,,
whiskey tango foxtrot,any,,,soonest,,,,,,ny,,albany,,,,,,
whiskey tango foxtrot,regal clifton park stadium,,,soonest,,,,,,ny,,albany,,,,,,
whiskey tango foxtrot,any,,,12:40pm,,,,,,ny,,albany,,,,,,
whiskey tango foxtrot,regal clifton park stadium,,,12:40pm,,,,,,ny,,albany,,,,,,
star wars,century eastport 16,,Fandango,12:20pm,friday,,,,,oregon,,portland,,,,,,
star wars,century eastport 16,,Fandango,3:40,friday,,,,,oregon,,portland,,,,,,
star wars,century eastport 16,,Fandango,6:50,friday,,,,,oregon,,portland,,,,,,
star wars,century eastport 16,,Fandango,10:00,friday,,,,,oregon,,portland,,,,,,
star wars,century eastport 16,,Fandango,10 o clock,friday,,,,,oregon,,portland,,,,,,
deadpool,,,,,,,,,,,,,action,,great reviews all around with a 84 percent on rotten tomatoes and 93 of audience members recommending it,ryan reynolds,,
london has fallen,,,,,,,,,,,,,action,,great reviews all around with a 84 percent on rotten tomatoes and 93 of audience members recommending it,ryan reynolds,,
the revenant,,,,,,,,,,,,,action,,great reviews all around with a 84 percent on rotten tomatoes and 93 of audience members recommending it,ryan reynolds,,
,amc houma palace 10,,,night,this week,,,,,louisiana,,houma,comedy,,,,,
,amc houma palace 10,,,night,this week,,,,,louisiana,,la,comedy,,,,,
,amc houma palace 10,,,night,this week,,,,,louisiana,,houma,adult comedy,,,,,
,amc houma palace 10,,,night,this week,,,,,louisiana,,la,adult comedy,,,,,
,amc houma palace 10,,,2:15pm,this week,,,,,louisiana,,houma,comedy,,,,,
london has fallen,regal la stadium 14,,,night,tomorrow,,,,,ca,,la,action,,,,,
london has fallen,regal la stadium 14,,,night,tomorrow,,,,,ca,,los angeles,action,,,,,
london has fallen,olympic blvd,,,night,tomorrow,,,,,ca,,la,action,,,,,
london has fallen,olympic blvd,,,night,tomorrow,,,,,ca,,los angeles,action,,,,,
london has fallen,regal la stadium 14,,,10 cloverfield lane,tomorrow,,,,,ca,,la,action,,,,,
,,,,,,,century,,,illinois,local theater,evanston,,,,,$10,
zootopia,Regal Meridan 16 Bellevue Lincoln Square Cinemas,,,roughly every hour,tomorrow night,,,,,WA,,Seattle,,regular,,,,
zootopia,Pacific Science Center IMAX Theaters,,,roughly every hour,tomorrow night,,,,,WA,,Seattle,,regular,,,,
zootopia,regal meridan 16,,,roughly every hour,tomorrow night,,,,,WA,,Seattle,,regular,,,,
zootopia,Regal Meridan 16 Bellevue Lincoln Square Cinemas,,,roughly every hour,tomorrow night,,,,,WA,,Seattle,,3d,,,,
zootopia,Pacific Science Center IMAX Theaters,,,roughly every hour,tomorrow night,,,,,WA,,Seattle,,3d,,,,
,,,,,today,,,,,,,,,,,,,
10 cloverfield lane,any,,new release,7:00,tonight,,amc star john r 15,,32289,mi,closest theater to you,royal oak,,,,,,
10 cloverfield lane,any,,new release,7:00,tonight,,amc star john r 15,,32289,mi,closest theater to you,madison heights,,,,,,
10 cloverfield lane,any,,new release,7:00,tonight,,amc star john r 15,,32289,mi,closest theater to you,Southfield,,,,,,
10 cloverfield lane,box office window,,new release,7:00,tonight,,amc star john r 15,,32289,mi,closest theater to you,royal oak,,,,,,
10 cloverfield lane,box office window,,new release,7:00,tonight,,amc star john r 15,,32289,mi,closest theater to you,madison heights,,,,,,
london has fallen,amc showplace carbondale,,,afternoon,this week,,,,,illinois,,carbondale,action,,,,,
london has fallen,Main Street Carbondale,,,afternoon,this week,,,,,illinois,,carbondale,action,,,,,
london has fallen,AMC UNIVERSITY PLACE 8,,,afternoon,this week,,,,,illinois,,carbondale,action,,,,,
london has fallen,amc showplace carbondale,,,afternoon,tomorrow,,,,,illinois,,carbondale,action,,,,,
london has fallen,Main Street Carbondale,,,afternoon,tomorrow,,,,,illinois,,carbondale,action,,,,,
kung fu panda 3,regal barkley village stadium 16,,,around 8pm,tonight,,,,98272,wa,near,monroe,,,,,,
kung fu panda 3,amc loews cascade mall,,,around 8pm,tonight,,,,98272,wa,near,monroe,,,,,,
kung fu panda 3,regal marysville 14,,,around 8pm,tonight,,,,98272,wa,near,monroe,,,,,,
kung fu panda 3,regal barkley village stadium 16,,,9:10,tonight,,,,98272,wa,near,monroe,,,,,,
kung fu panda 3,amc loews cascade mall,,,9:10,tonight,,,,98272,wa,near,monroe,,,,,,
london has fallen,,,,,,,,,,,,,,,,,,
10 cloverfield lane,amc pacific place 11 600 pine s,,place that serves seafood,after dinner,friday,,,,98101,wa, seattle area,seattle,,,,,,
10 cloverfield lane,amc pacific place 11 600 pine s,,place that serves seafood,after dinner,friday,,,,98101,wa, seattle area,bellevue,,,,,,
10 cloverfield lane,bellevue lincoln square cinemas,,place that serves seafood,after dinner,friday,,,,98101,wa, seattle area,seattle,,,,,,
10 cloverfield lane,bellevue lincoln square cinemas,,place that serves seafood,after dinner,friday,,,,98101,wa, seattle area,bellevue,,,,,,
10 cloverfield lane,amc pacific place 11 600 pine s,,place that serves seafood,after dinner,friday,,,,98004,wa, seattle area,seattle,,,,,,
deadpool,carmike summit 16,,imdb,matinee,friday,,,,,al,,birmingham,action,,6,,,
deadpool,carmike summit 16,,imdb,matinee,friday,,,,,al,,birmingham,action,,5,,,
deadpool,carmike summit 16,,imdb,matinee,saturday,,,,,al,,birmingham,action,,6,,,
deadpool,carmike summit 16,,imdb,matinee,saturday,,,,,al,,birmingham,action,,5,,,
deadpool,carmike summit 16,,imdb,evening,friday,,,,,al,,birmingham,action,,6,,,
eddie the eagle,regal meridian sundance cinemas,,,,,,,,,,,seattle,drama,,,,,
big short,regal meridian sundance cinemas,,,,,,,,,,,seattle,drama,,,,,
the big short,regal meridian sundance cinemas,,,,,,,,,,,seattle,drama,,,,,
eddie the eagle,regal thornton place,,,,,,,,,,,seattle,drama,,,,,
big short,regal thornton place,,,,,,,,,,,seattle,drama,,,,,
Deadpool,loews stony brook 17,,,tonight,,,,,,NY,,Long Island,,,,,,
Deadpool,amc loews stony brook,,,tonight,,,,,,NY,,Long Island,,,,,,
Deadpool,loews stony brook 17,,,7:30 pm,,,,,,NY,,Long Island,,,,,,
Deadpool,amc loews stony brook,,,7:30 pm,,,,,,NY,,Long Island,,,,,,
Deadpool,loews stony brook 17,,,8:15 pm,,,,,,NY,,Long Island,,,,,,
whiskey tango foxtrot,regal fox tower stadium 10,,,after 6 pm,saturday,,,,,oregon,,portland,,,,,,
whiskey tango foxtrot,regal fox tower stadium 10,,,6:45,saturday,,,,,oregon,,portland,,,,,,
deadpool,,,favorite part,,,,,,,,,,,,,,,
deadpool,,,worth watching,,,,,,,,,,,,,,,
zootopia,any,,, around 7pm,tomorrow,pg,,,,iowa,,des moines,,,,,,
zootopia,flix brewhouse des moines,,, around 7pm,tomorrow,pg,,,,iowa,,des moines,,,,,,
zootopia,carmike cobblestone 9,,, around 7pm,tomorrow,pg,,,,iowa,,des moines,,,,,,
kung fu panda 3,any,,, around 7pm,tomorrow,pg,,,,iowa,,des moines,,,,,,
kung fu panda 3,flix brewhouse des moines,,, around 7pm,tomorrow,pg,,,,iowa,,des moines,,,,,,
zootopia,amc van ness 14,,,afternoon,tomorrow,,,,,ca,northern part of the city,northern san francisco,,standard,,,,
zootopia,amc van ness 14,,,afternoon,tomorrow,,,,,ca,northern part of the city,94109,,standard,,,,
zootopia,AMC Van Ness,,,afternoon,tomorrow,,,,,ca,northern part of the city,northern san francisco,,standard,,,,
zootopia,AMC Van Ness,,,afternoon,tomorrow,,,,,ca,northern part of the city,94109,,standard,,,,
zootopia,amc van ness,,,afternoon,tomorrow,,,,,ca,northern part of the city,northern san francisco,,standard,,,,
risen,amc lowes oak tree 6,,,4:25 pm,tomorrow,,,,,,,seattle,,,,,,
whiskey tango foxtrot,SIFF Cinema Uptown,,,7,march 11th,,,,,,,seattle,,,,,,
whiskey tango foxtrot,SIFF Cinema Uptown,,,7,tomorrow,,,,,,,seattle,,,,,,
whiskey tango foxtrot,Ark Lodge Cinemas,,,7,march 11th,,,,,,,seattle,,,,,,
whiskey tango foxtrot,Ark Lodge Cinemas,,,7,tomorrow,,,,,,,seattle,,,,,,
whiskey tango foxtrot,Regal Crossroads,,,7,march 11th,,,,,,,seattle,,,,,,
room,pacific place 11 theater,,name,9:30 pm,tomorrow,,amc,,,,,seattle,,,,,,
how to be single,wehrenberg ronnies 20#imax 5320,,subtitiles,7:20,,,,,63126,mo,near here,st,romantic,,nice,,,
how to be single,wehrenberg ronnies 20#imax 5320,,subtitiles,7:20,,,,,63126,mo,near here,louis,romantic,,nice,,,
how to be single,wehrenberg ronnies 20#imax 5320,,subtitiles,7:20,,,,,63126,mo,near here,sappington,romantic,,nice,,,
how to be single,blvd,,subtitiles,7:20,,,,,63126,mo,near here,st,romantic,,nice,,,
how to be single,blvd,,subtitiles,7:20,,,,,63126,mo,near here,louis,romantic,,nice,,,
deadpool,amc pacific place 11,,,,21-mar,,,,98101,wa,,seattle,,,,,,
deadpool,amc pacific place 11,,,,21-mar,,,,98101,wa,,bellevue,,,,,,
deadpool,bellevue lincoln square cinemas,,,,21-mar,,,,98101,wa,,seattle,,,,,,
deadpool,bellevue lincoln square cinemas,,,,21-mar,,,,98101,wa,,bellevue,,,,,,
deadpool,big picture seattle,,,,21-mar,,,,98101,wa,,seattle,,,,,,
london has fallen,regal macarthur center stadium 18,,,7pm,march 12th,,,,,virginia,,norfolk,,,,,,
london has fallen,RPX CINEMARK 18,,,7pm,march 12th,,,,,virginia,,norfolk,,,,,,
london has fallen,regal,,,7pm,march 12th,,,,,virginia,,norfolk,,,,,,
london has fallen,regal macarthur center stadium 18,,,7:10,march 12th,,,,,virginia,,norfolk,,,,,,
london has fallen,RPX CINEMARK 18,,,7:10,march 12th,,,,,virginia,,norfolk,,,,,,
London Has Fallen#Whiskey Tango Foxtrot#Zootopia#Eddie The Eagle#Gods of Egypt#Triple 9#The Witch#Where to Invade Next#Zoolander 2#Hail Caesar#Kung Fu Panda 3#Star Wars#The Big Short#The Danish Girl#more,regal meridian 16,,many many theaters,,tonight,,,,,,,seattle,,,,,,
London Has Fallen#Whiskey Tango Foxtrot#Zootopia#Eddie The Eagle#Gods of Egypt#Triple 9#The Witch#Where to Invade Next#Zoolander 2#Hail Caesar#Kung Fu Panda 3#Star Wars#The Big Short#The Danish Girl#more,regal meridian 16,,different selection of movies,,tonight,,,,,,,seattle,,,,,,
London Has Fallen#Whiskey Tango Foxtrot#Zootopia#Eddie The Eagle#Gods of Egypt#Triple 9#The Witch#Where to Invade Next#Zoolander 2#Hail Caesar#Kung Fu Panda 3#Star Wars#The Big Short#The Danish Girl#more,regal meridian 16,,search for a theater,,tonight,,,,,,,seattle,,,,,,
London Has Fallen#Whiskey Tango Foxtrot#Zootopia#Eddie The Eagle#Gods of Egypt#Triple 9#The Witch#Where to Invade Next#Zoolander 2#Hail Caesar#Kung Fu Panda 3#Star Wars#The Big Short#The Danish Girl#more,regal meridian 16,,latest showing,,tonight,,,,,,,seattle,,,,,,
zoolander 2,regal meridian 16,,many many theaters,,tonight,,,,,,,seattle,,,,,,
zootopia,chase park plaza cinemas,2,,afternoon,thursday,pg,,,,,,st louis,kids,,good,,,
zootopia,chase park plaza,2,,afternoon,thursday,pg,,,,,,st louis,kids,,good,,,
zootopia,chase park plaza cinemas,2,,afternoon,thursday,pg,,,,,,st louis,kids,,4 5/5 star rating,,,
zootopia,chase park plaza,2,,afternoon,thursday,pg,,,,,,st louis,kids,,4 5/5 star rating,,,
zootopia,chase park plaza cinemas,2,,11:00am,thursday,pg,,,,,,st louis,kids,,good,,,
,,,Italian restaurant,,,,,,,,,seattle,,,,,,
spotlight,amc lowes oak tree 6,,restaurant,7:25 pm,tomorrow,,,,,,,seattle,,,,,,
spotlight,amc lowes oak tree 6,,restaurant booking service,7:25 pm,tomorrow,,,,,,,seattle,,,,,,
deadpool,regal live stadium 14,,,8pm,tomorrow,,,,90015,CA,,los angeles,,,,,,
deadpool,regal live stadium 14,,,8pm,tomorrow,,,,90015,CA,,Los Angeles,,,,,,
deadpool,regal live stadium 14,,,8 pm,tomorrow,,,,90015,CA,,los angeles,,,,,,
deadpool,regal live stadium 14,,,8 pm,tomorrow,,,,90015,CA,,Los Angeles,,,,,,
deadpool,regal live stadium 14,,,8pm,today,,,,90015,CA,,los angeles,,,,,,
batman moviename,regal lloyd center 10 & IMAX,,,any time,this weekend,,,,,oregon,,portland,,,,,,
batman moviename,Century Eastport 16,,,any time,this weekend,,,,,oregon,,portland,,,,,,
batman moviename,Century Clackmas Town Center,,,any time,this weekend,,,,,oregon,,portland,,,,,,
batman moviename,XD,,,any time,this weekend,,,,,oregon,,portland,,,,,,
batman moviename,century Eastport 16,,,any time,this weekend,,,,,oregon,,portland,,,,,,
zootopia,theaters all across seattle,,online ticketing,matinee,tomorrow,,,,98101,wa,near me,seattle,,3d,,,,
zootopia,Regal Meridian 16,,online ticketing,matinee,tomorrow,,,,98101,wa,near me,seattle,,3d,,,,
zootopia,Pacific Science Center,,online ticketing,matinee,tomorrow,,,,98101,wa,near me,seattle,,3d,,,,
zootopia,Admiral Theater,,online ticketing,matinee,tomorrow,,,,98101,wa,near me,seattle,,3d,,,,
zootopia,pacific science center,,online ticketing,matinee,tomorrow,,,,98101,wa,near me,seattle,,3d,,,,
deadpool,bellevue lincoln square cinemas,,I can't remember,8:15pm,tonight,,,,98004,washington,near,bellevue,superhero movie,,,ryan reynolds,,
deadpool,amc,,I can't remember,8:15pm,tonight,,,,98004,washington,near,bellevue,superhero movie,,,ryan reynolds,,
deadpool,bellevue lincoln square cinemas,,I can't remember,8:15pm,tonight,,,,98119,washington,near,bellevue,superhero movie,,,ryan reynolds,,
deadpool,amc,,I can't remember,8:15pm,tonight,,,,98119,washington,near,bellevue,superhero movie,,,ryan reynolds,,
deadpool,bellevue lincoln square cinemas,,I can't remember,8:15pm,tonight,,,,98004,wa,near,bellevue,superhero movie,,,ryan reynolds,,
,,,,,coming saturday,,,,,,near me,campcreek area,,,,,,
kung fu panda 3,regal thornton place stadium,,,between 5pm and 6pm,saturday,,,,,washington,,bellevue,,3d,,,,
kung fu panda 3,regal thornton place stadium,,,between 5 and 6pm,saturday,,,,,washington,,bellevue,,3d,,,,
kung fu panda 3,regal thornton place stadium,,,6:10pm,saturday,,,,,washington,,bellevue,,3d,,,,
deadpool,amc star fairlane 21,,,7pm,tomorrow,,,,,,,detroit,,,,,,
deadpool,amc star fairlane 21,,,7:05,tomorrow,,,,,,,detroit,,,,,,
creed,regency academy 6,,,around noon,tomorrow,,,,,,,,,,,,,
creed,regency academy 6,,,1:00pm,tomorrow,,,,,,,,,,,,,
zootopia,Regal LA Live Stadium 14,,,8pm,tomorrow,,,,,,,los angeles,,3d,,,,
zootopia,Regal LA Live Stadium 14,,,8pm,tomorrow,,,,,,,los angeles,,standard,,,,
zootopia,Regal LA Live Stadium 14,,,7:10pm,tomorrow,,,,,,,los angeles,,3d,,,,
zootopia,Regal LA Live Stadium 14,,,7:10pm,tomorrow,,,,,,,los angeles,,standard,,,,
risen,,,,4:25 pm,tomorrow,,amc lowes oak tree 6,,,,,seattle,,,,,,
deadpool,cinemark tinseltown 9,,,10:05,tonight,,,,,texas,,arlington,,,,ryan reynolds,,
room,amc pacific place 11 theater,,,9:30 pm,tomorrow,,,,,,,seattle,,,,,,
whiskey tango foxtrot,regal meridian 16,,name,soonest upcoming showing,,,,,,,,seattle,,,,,,
whiskey tango foxtrot,regal meridian 16,,name,9:00pm,,,,,,,,seattle,,,,,,
risen race spotlight,regal meridian 16,,large number of movies,7pm,tomorrow,,amc loews oak tree 6,,98101,wa,,seattle,comedy,,,,,
risen race spotlight,AMC LOEWS OAK TREE 6 10006 aurora,,large number of movies,7pm,tomorrow,,amc loews oak tree 6,,98101,wa,,seattle,comedy,,,,,
risen race spotlight,regal meridian 16,,large number of movies,7pm,tomorrow,,amc loews oak tree 6,,98133,wa,,seattle,comedy,,,,,
risen race spotlight,AMC LOEWS OAK TREE 6 10006 aurora,,large number of movies,7pm,tomorrow,,amc loews oak tree 6,,98133,wa,,seattle,comedy,,,,,
risen race spotlight,regal meridian 16,,large number of movies,7pm,tomorrow,,amc loews oak tree 6,,98101,wa,,seattle,drama,,,,,
london had fallen,carmike summit 16,,,around 2pm,today,,,,,al,,birmingham,,,,,,
london had fallen,carmike summit 16,,,1:35 pm,today,,,,,al,,birmingham,,,,,,
zootopia,regal meridian 16,,rotten tomatoes,night around 8pm,tomorrow,,,,98101,wa,,seattle,,,top,,,
zootopia,regal meridian 16,,rotten tomatoes,night around 8pm,tomorrow,,,,98101,wa,,bellevue,,,top,,,
zootopia,bellevue lincoln square cinemas,,rotten tomatoes,night around 8pm,tomorrow,,,,98101,wa,,seattle,,,top,,,
zootopia,bellevue lincoln square cinemas,,rotten tomatoes,night around 8pm,tomorrow,,,,98101,wa,,bellevue,,,top,,,
zootopia,regal meridian 16,,rotten tomatoes,night around 8pm,tomorrow,,,,98004,wa,,seattle,,,top,,,
room,amc lowes oak tree 6,,,4:50 pm,tomorrow,,,,,,,seattle,,,,,,
zootopia,regal meridian 16,,,,tonight,,,,,washington,near my location,seattle,comedy,,number 1,,,
zootopia,regal meridian 16,,,,tonight,,,,,washington,safeco field,seattle,comedy,,number 1,,,
zootopia,regal meridian 16,,,,tonight,,,,,washington,near my location,seattle,comedies,,number 1,,,
zootopia,regal meridian 16,,,,tonight,,,,,washington,safeco field,seattle,comedies,,number 1,,,
Whiskey Tango Foxtrot,regal meridian 16,,,,tonight,,,,,washington,near my location,seattle,comedy,,number 1,,,
deadpool,The Pearl Theatre,,,1:30pm,tomorrow,,,,19101,pa,near,philadelphia,,,,,,
deadpool,The Pearl Theatre,,,1:30pm,tomorrow,,,,19121,pa,near,philadelphia,,,,,,
deadpool,The Pearl Theatre,,,4:30,tomorrow,,,,19101,pa,near,philadelphia,,,,,,
deadpool,The Pearl Theatre,,,4:30,tomorrow,,,,19121,pa,near,philadelphia,,,,,,
deadpool,The Pearl Theatre,,,7:30pm,tomorrow,,,,19101,pa,near,philadelphia,,,,,,
eddie the eagle,amc marketfair 10,,,7pm,tomorrow,,,,,nj,,princeton,dramas,,,,,
eddie the eagle,amc marketfair 10,,,6:45pm,tomorrow,,,,,nj,,princeton,dramas,,,,,
race and risen,amc marketfair 10,,,7pm,tomorrow,,,,,nj,,princeton,dramas,,,,,
race and risen,amc marketfair 10,,,6:45pm,tomorrow,,,,,nj,,princeton,dramas,,,,,
deadpool,carmike summit 16,,,around 5pm,tomorrow,,,,,al,,birmingham,,,,,,
deadpool,carmike summit 16,,,4:20pm,tomorrow,,,,,al,,birmingham,,,,,,
deadpool,carmike summit 16,,,7:20pm,tomorrow,,,,,al,,birmingham,,,,,,
london has fallen,amc showplace carbondale 8,,,afternoon,tomorrow,,,,62901,illinois,,carbondale,action,,good,,,
london has fallen,amc university place,,,afternoon,tomorrow,,,,62901,illinois,,carbondale,action,,good,,,
london has fallen,amc showplace carbondale 8,,,afternoon,tomorrow,,,,62901,il,,carbondale,action,,good,,,
london has fallen,amc university place,,,afternoon,tomorrow,,,,62901,il,,carbondale,action,,good,,,
london has fallen,amc showplace carbondale 8,,,2:30pm,tomorrow,,,,62901,illinois,,carbondale,action,,good,,,
zootopia,carmike summit 16,,search theaters,10:00am,last weekend,pg,,,35243,al,,birmingham,action,,popular,,,
zootopia,carmike summit 16,,search theaters,10:00am,last weekend,pg,,,35243,al,,hoover,action,,popular,,,
zootopia,carmike patton creek,,search theaters,10:00am,last weekend,pg,,,35243,al,,birmingham,action,,popular,,,
zootopia,carmike patton creek,,search theaters,10:00am,last weekend,pg,,,35243,al,,hoover,action,,popular,,,
zootopia,carmike summit 16,,search theaters,10:00am,last weekend,pg,,,35244,al,,birmingham,action,,popular,,,
london has fallen,carmike summit 16,,,2:00 pm,this saturday,,,,,alabama,,birmingham,action,,good,,,
london has fallen,carmike summit 16,,,1:35pm,this saturday,,,,,alabama,,birmingham,action,,good,,,
gods of egypt,carmike summit 16,,,2:00 pm,this saturday,,,,,alabama,,birmingham,action,,good,,,
gods of egypt,carmike summit 16,,,1:35pm,this saturday,,,,,alabama,,birmingham,action,,good,,,
deadpool,carmike summit 16,,,2:00 pm,this saturday,,,,,alabama,,birmingham,action,,good,,,
The big short,regal meridian 16,,,8:45 pm,tomorrow,,,,,,,seattle,,,,,,
zoolander 2,regal meridian 16,,cheapest,2:00pm,today,,,,98126,wa,closest,seattle,,,,,,
zoolander 2,regal meridian 16,,cheapest,2:00pm,today,,,,98101,wa,closest,seattle,,,,,,
zoolander 2,regal meridian 16,,do not know,2:00pm,today,,,,98126,wa,closest,seattle,,,,,,
zoolander 2,regal meridian 16,,do not know,2:00pm,today,,,,98101,wa,closest,seattle,,,,,,
zoolander 2,regal meridian 16,,cheapest,4:30pm,today,,,,98126,wa,closest,seattle,,,,,,
deadpool,amc pacific place,,,around 8pm,friday,,amc pacific place 11,,98119,,,,,,,,,
deadpool,amc pacific place,,,8:10PM,friday,,amc pacific place 11,,98119,,,,,,,,,
zootopia,mall of georgia movie theater,,date night,10:40pm,friday,r,,tina fey,,georgia,,buford,comedy,,,,,
zootopia,mall of georgia movie theater,,date night,10:40pm,friday,r,,tina fey,,georgia,,buford,animated,,,,,
zootopia,mall of georgia movie theater,,disney,10:40pm,friday,r,,tina fey,,georgia,,buford,comedy,,,,,
zootopia,mall of georgia movie theater,,disney,10:40pm,friday,r,,tina fey,,georgia,,buford,animated,,,,,
Whiskey Tango Foxtrot,mall of georgia movie theater,,date night,10:40pm,friday,r,,tina fey,,georgia,,buford,comedy,,,,,
zootopia,regal meridian 16,,,evening around 6pm,tomorrow,,,,,,north side,seattle,,,,,,
zootopia,regal thornton place,,,evening around 6pm,tomorrow,,,,,,north side,seattle,,,,,,
zootopia,regal meridian 16,,,5:20,tomorrow,,,,,,north side,seattle,,,,,,
zootopia,regal thornton place,,,5:20,tomorrow,,,,,,north side,seattle,,,,,,
zootopia,regal meridian 16,,,6:30 pm,tomorrow,,,,,,north side,seattle,,,,,,
deadpool,current,,,a lot,march 12,,,,,california,,Fresno,action,,,,,
deadpool,Visalia,,,a lot,march 12,,,,,california,,Fresno,action,,,,,
deadpool,regal visalia stadium 10,,,a lot,march 12,,,,,california,,Fresno,action,,,,,
deadpool,current,,,a lot,weekend,,,,,california,,Fresno,action,,,,,
deadpool,Visalia,,,a lot,weekend,,,,,california,,Fresno,action,,,,,
whiskey tango foxtrot,regal meridian 16,,name,sonnest,,,,,,,,seattle,,,,,,
whiskey tango foxtrot,regal meridian 16,,name,9:00pm,,,,,,,,seattle,,,,,,
zootopia,regal colonnade 14,,,matinee,tomorrow,,,,,,,las vegas,,3d#standard,,,,
zootopia,regal colonnade 14,,,matinee,tomorrow,,,,,,,las vegas,,3d,,,,
zootopia,regal colonnade 14,,,1:30pm,tomorrow,,,,,,,las vegas,,3d#standard,,,,
zootopia,regal colonnade 14,,,1:30pm,tomorrow,,,,,,,las vegas,,3d,,,,
zootopia,regal colonnade 14,,,1:30,tomorrow,,,,,,,las vegas,,3d#standard,,,,
zoolander 2,regal meridian 16,,Fandango,9:30 pm,march 15th,,,,,virginia,,seattle,,,,,,
zoolander 2,regal meridian 16,,Fandango,9:30 pm,march 15th,,,,,virginia,,waynesboro,,,,,,
zoolander 2,regal meridian 16,,Fandango,9:30 pm,march 15th,,,,,virginia,,norfolk,,,,,,
zoolander 2,zeus,,Fandango,9:30 pm,march 15th,,,,,virginia,,seattle,,,,,,
zoolander 2,zeus,,Fandango,9:30 pm,march 15th,,,,,virginia,,waynesboro,,,,,,
creed,creed,,,7pm,tomorrow,,,,,,downtown,la,,3d,,,,
creed,pacific sherman oaks 5,,,7pm,tomorrow,,,,,,downtown,la,,3d,,,,
creed,amc la mirada 7,,,7pm,tomorrow,,,,,,downtown,la,,3d,,,,
creed,AMC La Mirada,,,7pm,tomorrow,,,,,,downtown,la,,3d,,,,
creed,amc,,,7pm,tomorrow,,,,,,downtown,la,,3d,,,,
zootopia,carmike summit 16,,,2pm,today,,,,35246,al,,birmingham,,,,,,
zootopia,15,,,2pm,today,,,,35246,al,,birmingham,,,,,,
zootopia,carmike summit 16,,,2pm,today,,,,35242,al,,birmingham,,,,,,
zootopia,15,,,2pm,today,,,,35242,al,,birmingham,,,,,,
zootopia,carmike summit 16,,,1:30,today,,,,35246,al,,birmingham,,,,,,
spotlight,regal meridian 16,,name,9:00 pm,tomorrow,,,,,,,seattle,,,,,,
zootopia,buford georgia,,,night,this friday,r,,,,,,,comedy,,,tina fey,,
zootopia,Whiskey Tango Foxtrot,,,night,this friday,r,,,,,,,comedy,,,tina fey,,
zootopia,mall of georgia,,,night,this friday,r,,,,,,,comedy,,,tina fey,,
zootopia,buford georgia,,,night,this friday,r,,,,,,,animated,,,tina fey,,
zootopia,Whiskey Tango Foxtrot,,,night,this friday,r,,,,,,,animated,,,tina fey,,
avengers,,,,,june 17 2016,,,,,,,,,,,,,
avengers,finding dory,,,,june 17 2016,,,,,,,,,,,,,
finding dory,,,,,june 17 2016,,,,,,,,,,,,,
finding dory,finding dory,,,,june 17 2016,,,,,,,,,,,,,
spotlight,regal meridian 16,,,9:00 pm,tomorrow,,,,,,,seattle,,,,,,
hail caesar,regal meridian 16,,,8:45 pm,tomorrow,,,,,,,seattle,,,,,,
hail caesar,regal meridian 16,,,8:45,tomorrow,,,,,,,seattle,,,,,,
zootopia,carmike 16,,,2pm,today,,,,,al,,birmingham,,,,,,
zootopia,carmike the summit 16,,,2pm,today,,,,,al,,birmingham,,,,,,
zootopia,carmike 16,,,1:30pm,today,,,,,al,,birmingham,,,,,,
zootopia,carmike the summit 16,,,1:30pm,today,,,,,al,,birmingham,,,,,,
deadpool,amc pacific place 11,,,6:10pm,tonight,,,,98101,wa,,seattle,,,,,,
deadpool,amc pacific place 11,,,6:10pm,tonight,,,,98101,wa,,bellevue,,,,,,
deadpool,bellevue lincoln square cinemas,,,6:10pm,tonight,,,,98101,wa,,seattle,,,,,,
deadpool,bellevue lincoln square cinemas,,,6:10pm,tonight,,,,98101,wa,,bellevue,,,,,,
deadpool,amc pacific place 11,,,6:10pm,tonight,,,,98004,wa,,seattle,,,,,,
deadpool,lake theater,,,7 pm,tomorrow,,,,,IA,,Clear Lake,,,,,,
deadpool,Mason city IA cinema west,,,7 pm,tomorrow,,,,,IA,,Clear Lake,,,,,,
deadpool,cinema west,,,7 pm,tomorrow,,,,,IA,,Clear Lake,,,,,,
deadpool,lake theater,,,7pm,tomorrow,,,,,IA,,Clear Lake,,,,,,
deadpool,Mason city IA cinema west,,,7pm,tomorrow,,,,,IA,,Clear Lake,,,,,,
star wars,,,,anytime after 6pm,Friday the 11th,,amc showplace carbondale 8,,,illinois,vicinity,du quoin,thriller science fiction,,,,,
star wars,,,,anytime after 6pm,Friday the 11th,,amc showplace carbondale 8,,,illinois,vicinity,carbondale,thriller science fiction,,,,,
star wars,,,,anytime after 6pm,Friday the 11th,,amc showplace carbondale 8,,,illinois,vicinity,Du Quoin,thriller science fiction,,,,,
star wars,,,,anytime after 6pm,Friday the 11th,,amc showplace carbondale 8,,,il,vicinity,du quoin,thriller science fiction,,,,,
star wars,,,,anytime after 6pm,Friday the 11th,,amc showplace carbondale 8,,,il,vicinity,carbondale,thriller science fiction,,,,,
whiskey tango foxtrot,carmike 12,,,around 6pm,wednesday,,,,,pennsylvania,,san francisco,,,,,,
whiskey tango foxtrot,carmike 12,,,around 6pm,wednesday,,,,,pennsylvania,,altoona,,,,,,
whiskey tango foxtrot,carmike 12,,,5pm,wednesday,,,,,pennsylvania,,san francisco,,,,,,
whiskey tango foxtrot,carmike 12,,,5pm,wednesday,,,,,pennsylvania,,altoona,,,,,,
whiskey tango foxtrot,carmike 12,,,7:40pm,wednesday,,,,,pennsylvania,,san francisco,,,,,,
,,,restaurant,7:00 pm,tomorrow,,amc pacific place 11,,,,,seattle,,,,,,
hail caesar,regal meridian 16,,,8:45 pm,tomorrow,,,,,,,seattle,,,,,,
star wars,Living Room Theaters Century Eastport 16,,,between 8 and 10 pm,friday,,,,,oregon,,portland,,,,,,
star wars,Century Clackamas Town Center,,,between 8 and 10 pm,friday,,,,,oregon,,portland,,,,,,
star wars,XD,,,between 8 and 10 pm,friday,,,,,oregon,,portland,,,,,,
star wars,Living Room Theaters,,,between 8 and 10 pm,friday,,,,,oregon,,portland,,,,,,
star wars,Living Room Theaters Century Eastport 16,,,9:25pm,friday,,,,,oregon,,portland,,,,,,
zoolander 2,regal meridian 16,,search by movie or movie theater,2:00pm,today,,,,98126,wa,closest,seattle,,,,,cheapest,
zoolander 2,regal meridian 16,,search by movie or movie theater,2:00pm,today,,,,98101,wa,closest,seattle,,,,,cheapest,
zoolander 2,regal meridian 16,,search by movie or movie theater,4:30pm,today,,,,98126,wa,closest,seattle,,,,,cheapest,
zoolander 2,regal meridian 16,,search by movie or movie theater,4:30pm,today,,,,98101,wa,closest,seattle,,,,,cheapest,
zoolander 2,regal meridian 16,,search by movie or movie theater,7:00pm,today,,,,98126,wa,closest,seattle,,,,,cheapest,
deadpool,regal la live stadium 14,,,8 pm,tonight,,amc,,,,around the city,los angeles,,,,,,
deadpool,regal la live stadium 14,,,12:00pm,tonight,,amc,,,,around the city,los angeles,,,,,,
deadpool,regal la live stadium 14,,,1:00pm,tonight,,amc,,,,around the city,los angeles,,,,,,
deadpool,regal la live stadium 14,,,3:00pm,tonight,,amc,,,,around the city,los angeles,,,,,,
deadpool,regal la live stadium 14,,,6:00pm,tonight,,amc,,,,around the city,los angeles,,,,,,
,,,,,weekend,,,,,,,,,,,,,
kung fu panda 3,amc west oaks 14,,,around 6 pm,tomorrow,,,,,fl,far away from disney,orlando,,standard,,,,
kung fu panda 3,amc west oaks 14,,,around 6 pm,tomorrow,,,,,fl,far away from disney,orlando,,3d,,,,
kung fu panda 3,amc west oaks 14,,,1:30pm,tomorrow,,,,,fl,far away from disney,orlando,,standard,,,,
kung fu panda 3,amc west oaks 14,,,1:30pm,tomorrow,,,,,fl,far away from disney,orlando,,3d,,,,
kung fu panda 3,amc west oaks 14,,,1:30 pm,tomorrow,,,,,fl,far away from disney,orlando,,standard,,,,
creed,regency academy,,,around noon,tomorrow,,,,,,,regency academy 6 theater,,,,,,
creed,regency academy,,,1:00pm,tomorrow,,,,,,,regency academy 6 theater,,,,,,
london has fallen,regal meridian 16,,indian restaurant,9:20 pm,tomorrow,,,,,,,seattle,,,,,,
london has fallen,regal meridian 16,, movie purchasing service,9:20 pm,tomorrow,,,,,,,seattle,,,,,,
london has fallen,regal meridian 16,,name,9:20 pm,tomorrow,,,,,,,seattle,,,,,,
spotlight,regal meridian 16,,,9:00 pm,tomorrow,,,,,,,seattle,,,,,,
zootopia,cinemakr egyptian 24,,,3:20pm,friday,,,,,maryland,,baltimore,,3d,,,,
zootopia,cinemakr egyptian 24,,,9:45pm,friday,,,,,maryland,,baltimore,,3d,,,,
zootopia,cinemakr egyptian 24,,,3:20pm,3/11,,,,,maryland,,baltimore,,3d,,,,
zootopia,cinemakr egyptian 24,,,9:45pm,3/11,,,,,maryland,,baltimore,,3d,,,,
gods of egypt,cinemakr egyptian 24,,,3:20pm,friday,,,,,maryland,,baltimore,,3d,,,,
spotlight,amc lowes oak tree 6,,restaurant,7:25 pm,tomorrow,,,,,,,seattle,,,,,,
spotlight,amc lowes oak tree 6,,movie ticket buying service,7:25 pm,tomorrow,,,,,,,seattle,,,,,,
spotlight,amc lowes oak tree 6,,restaurant booking service,7:25 pm,tomorrow,,,,,,,seattle,,,,,,
deadpool,pacific theatres,,,8:05,tomorrow night,,,,,,,los angeles,,,,,,
deadpool,pacific theatres,,,8:05,tomorrow,,,,,,,los angeles,,,,,,
deadpool,pacific theatres,,,8:05,friday,,,,,,,los angeles,,,,,,
deadpool,pacific theater,,,8:05,tomorrow night,,,,,,,los angeles,,,,,,
deadpool,pacific theater,,,8:05,tomorrow,,,,,,,los angeles,,,,,,
the witch,cinemar downey,,early in the day,early,tomorrow,,,,90601,,closest,,,,,,,
the witch,amc theaters puente hills,,early in the day,early,tomorrow,,,,90601,,closest,,,,,,,
the witch,cinemar downey,,two,early,tomorrow,,,,90601,,closest,,,,,,,
the witch,amc theaters puente hills,,two,early,tomorrow,,,,90601,,closest,,,,,,,
the witch,cinemar downey,,early in the day,10:35,tomorrow,,,,90601,,closest,,,,,,,
deadpool,Richland Cinemas,,,between 8 and 9pm,tomorrow,,,,,pennsylvania,,johnstown,,,,,,
deadpool,richland cinemas,,,between 8 and 9pm,tomorrow,,,,,pennsylvania,,johnstown,,,,,,
deadpool,Richland Cinemas,,,7:20pm,tomorrow,,,,,pennsylvania,,johnstown,,,,,,
deadpool,richland cinemas,,,7:20pm,tomorrow,,,,,pennsylvania,,johnstown,,,,,,
deadpool,Richland Cinemas,,,9:50 pm,tomorrow,,,,,pennsylvania,,johnstown,,,,,,
star wars,living room theaters,,,10 pm,friday evening,,century eastport 16,,,oregon,,portland,super great day,3d,,,,
star wars,century eastport 16,,,10 pm,friday evening,,century eastport 16,,,oregon,,portland,super great day,3d,,,,
star wars,living room theaters,,,10 pm,friday evening,,century eastport 16,,,oregon,,portland,super great day,standard,,,,
star wars,century eastport 16,,,10 pm,friday evening,,century eastport 16,,,oregon,,portland,super great day,standard,,,,
star wars,living room theaters,,,9:25,friday evening,,century eastport 16,,,oregon,,portland,super great day,3d,,,,
kung fu panda 3,...,,,matinee,7th,pg,,,98101,washington,,seattle,,,,,,
kung fu panda 3,...,,,matinee,7th,pg,,,98101,washington,,bellevue,,,,,,
kung fu panda 3,regal meridian 16,,,matinee,7th,pg,,,98101,washington,,seattle,,,,,,
kung fu panda 3,regal meridian 16,,,matinee,7th,pg,,,98101,washington,,bellevue,,,,,,
kung fu panda 3,bellevue lincoln square cinemas,,,matinee,7th,pg,,,98101,washington,,seattle,,,,,,
room,amc pacific place 11 theater,,,9:30 pm,tomorrow,,,,,,,seattle,,,,,,
the witch,regal la live stadium 14,,,from noon to 4pm,,,,,,,,los angeles,,,,,,
the witch,regal la live stadium 14,,,8:30pm,,,,,,,,los angeles,,,,,,
the witch,regal la live stadium 14,,,11:00pm,,,,,,,,los angeles,,,,,,
the witch,regal la live stadium 14,,,11pm,,,,,,,,los angeles,,,,,,
star wars,Imagine theater Shelby Township,,,afternoon,tomorrow,,,,,,,,,,,,,
deadpool,the pearl theatre,,,1:30pm,tomorrow,,,,19101,pa,near you,philadelphia,,,,,,
deadpool,the pearl theatre,,,1:30pm,tomorrow,,,,19121,pa,near you,philadelphia,,,,,,
deadpool,the pearl theatre,,,4:30pm,tomorrow,,,,19101,pa,near you,philadelphia,,,,,,
deadpool,the pearl theatre,,,4:30pm,tomorrow,,,,19121,pa,near you,philadelphia,,,,,,
deadpool,the pearl theatre,,,7:30pm,tomorrow,,,,19101,pa,near you,philadelphia,,,,,,
zootopia,regal meridian 16,,,night,tomorrow,,,,98101,washington,,seattle,comedy,,,,,
zootopia,regal meridian,,,night,tomorrow,,,,98101,washington,,seattle,comedy,,,,,
zootopia,regal meridian 16,,,night,tomorrow,,,,98101,washington,,seattle,comedies),,,,,
zootopia,regal meridian,,,night,tomorrow,,,,98101,washington,,seattle,comedies),,,,,
zootopia,regal meridian 16,,,night,tomorrow,,,,98101,wa,,seattle,comedy,,,,,
kung fu panda 3,amc van ness 14,,,2:25pm,tomorrow afternoon,,,,,,,northern san francisco,,3d,,,,
kung fu panda 3,century 20 daly city,,,2:25pm,tomorrow afternoon,,,,,,,northern san francisco,,3d,,,,
kung fu panda 3,amc,,,2:25pm,tomorrow afternoon,,,,,,,northern san francisco,,3d,,,,
kung fu panda 3,amc van ness 14,,,2:25pm,tomorrow afternoon,,,,,,,northern san francisco,,standard,,,,
kung fu panda 3,century 20 daly city,,,2:25pm,tomorrow afternoon,,,,,,,northern san francisco,,standard,,,,
zootopia,regal meridian 16,,,9:10 pm,tomorrow,,,,,,,seattle,,3d,,,,
zootopia,regal meridian 16,,safeco field,,tonight,,,,,washington,near my location,seattle,comedy,,number 1,,,
zootopia,regal meridian 16,,many,,tonight,,,,,washington,near my location,seattle,comedy,,number 1,,,
zootopia,regal meridian 16,,safeco field,,tonight,,,,,washington,near my location,seattle,comedies,,number 1,,,
zootopia,regal meridian 16,,many,,tonight,,,,,washington,near my location,seattle,comedies,,number 1,,,
Whiskey Tango Foxtrot,regal meridian 16,,safeco field,,tonight,,,,,washington,near my location,seattle,comedy,,number 1,,,
deadpool,amc pacific place 11 theater,,,9:00 pm,tomorrow,,,,,,,seattle,,,,,,
zootopia,bellevue lincoln square cinemas,2,pizza place,night,tomorrow,,,,98004,wa,,seattle,animated,,4 5/5 stars,,,
zootopia,bellevue lincoln square cinemas,2,pizza place,night,tomorrow,,,,98004,wa,,st louis,animated,,4 5/5 stars,,,
zootopia,bellevue lincoln square cinemas,2,pizza place,night,tomorrow,,,,98004,wa,,bellevue,animated,,4 5/5 stars,,,
zootopia,bellevue lincoln square cinemas,2,pizza place,night,tomorrow,,,,98004,wa,,seattle,kid,,4 5/5 stars,,,
zootopia,bellevue lincoln square cinemas,2,pizza place,night,tomorrow,,,,98004,wa,,st louis,kid,,4 5/5 stars,,,
the witch,carmike 10,,increased functionality,evening around 7,tomorrow,,,,,tn,downtown,knoxville,,3d,,,,
the witch,please,,increased functionality,evening around 7,tomorrow,,,,,tn,downtown,knoxville,,3d,,,,
the witch,carmike 10,,increased functionality,7:30pm,tomorrow,,,,,tn,downtown,knoxville,,3d,,,,
the witch,please,,increased functionality,7:30pm,tomorrow,,,,,tn,downtown,knoxville,,3d,,,,
race,amc pacific place 11 theater,,,10:00 pm,tomorrow,,,,,,,seattle,,,,,,
zootopia,mesa grand 24,,,night,friday,,amc theater,tina fey,85249,,,,romantic comedy,,good,,,
zootopia,mesa grand 24,,,night,friday,,amc ahwatukee 24,tina fey,85249,,,,romantic comedy,,good,,,
zootopia,mesa grand 24,,,night,friday,, amc mesa grand 24,tina fey,85249,,,,romantic comedy,,good,,,
zootopia,mesa grand,,,night,friday,,amc theater,tina fey,85249,,,,romantic comedy,,good,,,
zootopia,mesa grand,,,night,friday,,amc ahwatukee 24,tina fey,85249,,,,romantic comedy,,good,,,
the big short,regal meridian 16,,pizza restaurant,the next,tonight,,,,98101,wa,near safeco field,seattle,drama,,,,,
the big short,regal meridian 16,,pizza restaurant,the next,tonight,,,,98101,wa,in your area,seattle,drama,,,,,
the big short,regal meridian 16,,pizza restaurant,8:45,tonight,,,,98101,wa,near safeco field,seattle,drama,,,,,
the big short,regal meridian 16,,pizza restaurant,8:45,tonight,,,,98101,wa,in your area,seattle,drama,,,,,
zootopia,regal meridian 16,,,9:10 pm,tomorrow,,,,,,,seattle,,,,,,
the big short,regal meridian 16,,restaurant,the next showing,tonight,,,,98101,wa,near safeco field,safeco field,drama,,,,,
the big short,regal meridian 16,,restaurant,the next showing,tonight,,,,98101,wa,near safeco field,seattle,drama,,,,,
the big short,regal meridian 16,,restaurant,the next showing,tonight,,,,98101,wa,near,safeco field,drama,,,,,
the big short,regal meridian 16,,restaurant,the next showing,tonight,,,,98101,wa,near,seattle,drama,,,,,
the big short,regal meridian 16,,restaurant,the next showing,tonight,,,,98101,wa,in your area,safeco field,drama,,,,,
deadpool,carmike summit 16,,,around 2pm,sunday,,,,,al,,birmingham,,,,,,
deadpool,carmike summit 16,,,2:05 pm,sunday,,,,,al,,birmingham,,,,,,
deadpool,boyou vista la,,,night,weekend,,,,,,,,,,,,,
deadpool,boyou vista la,,,night,friday,,,,,,,,,,,,,
deadpool,boyou vista la,,,night,this weekend,,,,,,,,,,,,,
deadpool,boyou vista la,,,night,earlier day,,,,,,,,,,,,,
deadpool,boyou vista la,,,night,thursday,,,,,,,,,,,,,
brothers grimsby,regal south beach,,,8pm,friday,,,,,,,miami,,,,,,
brothers grimsby,amc sunset place 24,,,8pm,friday,,,,,,,miami,,,,,,
brothers grimsby,regal south beach,,,7:40,friday,,,,,,,miami,,,,,,
brothers grimsby,amc sunset place 24,,,7:40,friday,,,,,,,miami,,,,,,
brothers grimsby,regal south beach,,,6:00,friday,,,,,,,miami,,,,,,
big short,regal meridian 16,,,8:45 pm,tomorrow,,,,,,,seattle,,,,,,
the big short,regal meridian 16,,,8:45 pm,tomorrow,,,,,,,seattle,,,,,,
zootopia,bellevue lincoln square cinemas,2,pizza place,evening,tomorrow night,,,,98004,wa,,seattle,animated,,4.5/5,,,
zootopia,bellevue lincoln square cinemas,2,pizza place,evening,tomorrow night,,,,98004,wa,,st louis,animated,,4.5/5,,,
zootopia,bellevue lincoln square cinemas,2,pizza place,evening,tomorrow night,,,,98004,wa,,bellevue,animated,,4.5/5,,,
zootopia,bellevue lincoln square cinemas,2,pizza place,evening,tomorrow night,,,,98004,wa,,seattle,kids,,4.5/5,,,
zootopia,bellevue lincoln square cinemas,2,pizza place,evening,tomorrow night,,,,98004,wa,,st louis,kids,,4.5/5,,,
the forest,regency norwalk 8,,laughable,7:40pm,saturday,,,,,,,la,horror,,8%,,,
the forest,amc la 7,,laughable,7:40pm,saturday,,,,,,,la,horror,,8%,,,
the forest,amc la mirada,,laughable,7:40pm,saturday,,,,,,,la,horror,,8%,,,
the forest,amc la,,laughable,7:40pm,saturday,,,,,,,la,horror,,8%,,,
the forest,regency norwalk 8,,rotten tomatoes,7:40pm,saturday,,,,,,,la,horror,,8%,,,
how to be single,wehrenberg ronnies 20 cine and imax,,subtitles,7:20,,,,,63126,mo,near here,st louis,romantic,,nice,,,
how to be single,wehrenberg ronnies 20 cine and imax,,subtitles,7:20,,,,,63126,mo,near here,sappington,romantic,,nice,,,
how to be single,wehrenberg ronnies 20 cine and imax,,english and chinese subtitles,7:20,,,,,63126,mo,near here,st louis,romantic,,nice,,,
how to be single,wehrenberg ronnies 20 cine and imax,,english and chinese subtitles,7:20,,,,,63126,mo,near here,sappington,romantic,,nice,,,
how to be single,wehrenberg ronnies 20 cine and imax,,subtitles,10:05,,,,,63126,mo,near here,st louis,romantic,,nice,,,
zootopia,all,,,around 6 pm,this evening,,,,98101,wa,south side,seattle,,2d,,,,
zootopia,all,,,around 6 pm,this evening,,,,98101,wa,south side,bellevue,,2d,,,,
zootopia,regal meridian 16,,,around 6 pm,this evening,,,,98101,wa,south side,seattle,,2d,,,,
zootopia,regal meridian 16,,,around 6 pm,this evening,,,,98101,wa,south side,bellevue,,2d,,,,
zootopia,bellevue lincoln square cinemas,,,around 6 pm,this evening,,,,98101,wa,south side,seattle,,2d,,,,
the witch,regal meridian 16,,,9:30 pm,tomorrow,,,,,,,seattle,,,,,,
zootopia,regal meridian 16,,,9:10 pm,tomorrow,,,,,,,seattle,,3d,,,,
london has fallen,paradise cinema 7,,,early afternoon,tomorrow,,,,,ca,,chico,drama,,,,,
london has fallen,tinseltown,,,early afternoon,tomorrow,,,,,ca,,chico,drama,,,,,
london has fallen,cinemark 14,,,early afternoon,tomorrow,,,,,ca,,chico,drama,,,,,
london has fallen, paradisa cinema 7,,,early afternoon,tomorrow,,,,,ca,,chico,drama,,,,,
london has fallen,paradise cinema 7,,,early afternoon,3/11,,,,,ca,,chico,drama,,,,,
10 cloverfield lane,beaver creek stadium 12,,matinee,1:50,,,,,,,,,,,,,adult price is 8,
10 cloverfield lane,beaver creek stadium 12,,matinee,1:50,,,,,,,,,,,,,32,
10 cloverfield lane,beaver creek stadium 12,, matinee,1:50,,,,,,,,,,,,,adult price is 8,
10 cloverfield lane,beaver creek stadium 12,, matinee,1:50,,,,,,,,,,,,,32,
10 cloverfield lane,beaver creek stadium 12,,matinee, 4:30,,,,,,,,,,,,,adult price is 8,
zootopia,regal meridian 16,,good restaurant,around 8 pm,tomorrow,,,,,wa,near me,seattle,,3d,good,,,
zootopia,bellevue lincoln square cinemas,,good restaurant,around 8 pm,tomorrow,,,,,wa,near me,seattle,,3d,good,,,
zootopia,varsity theatre,,good restaurant,around 8 pm,tomorrow,,,,,wa,near me,seattle,,3d,good,,,
zootopia,regal meridian 16,,good restaurant,around 8 pm,tomorrow,,,,,wa,near me,seattle,,regular,good,,,
zootopia,bellevue lincoln square cinemas,,good restaurant,around 8 pm,tomorrow,,,,,wa,near me,seattle,,regular,good,,,
london has fallen,,,,closest to noon,next saturday,,,,90601,,,whittier village stadium cinemas,action,,top rated,,,
london has fallen,,,,closest to noon,mar 12,,,,90601,,,whittier village stadium cinemas,action,,top rated,,,
london has fallen,,,,1:30pm,next saturday,,,,90601,,,whittier village stadium cinemas,action,,top rated,,,
london has fallen,,,,1:30pm,mar 12,,,,90601,,,whittier village stadium cinemas,action,,top rated,,,
spotlight,regal meridian 16,,name,9:00 pm,tomorrow,,,,,,,seattle,,,,,,
deadpool,CENTURY 12 EVANSTON/CINARTS 6 AND XD,,currently,10:45am,tomorrow,,,,60201,illinois,your area,evanston,,,top rated,,,
deadpool,CENTURY 12 EVANSTON/CINARTS 6 AND XD,,currently,10:45am,tomorrow,,,,60201,il,your area,evanston,,,top rated,,,
deadpool,CENTURY 12 EVANSTON/CINARTS 6 AND XD,,currently,12:00pm,tomorrow,,,,60201,illinois,your area,evanston,,,top rated,,,
deadpool,CENTURY 12 EVANSTON/CINARTS 6 AND XD,,currently,12:00pm,tomorrow,,,,60201,il,your area,evanston,,,top rated,,,
deadpool,CENTURY 12 EVANSTON/CINARTS 6 AND XD,,currently,2:40pm,tomorrow,,,,60201,illinois,your area,evanston,,,top rated,,,
the perfect match,regal mayfaire stadium 16 imax,,george on the riverwak,8pm,saturday,,,,,nc,,wilmington,date night:,,good,,,
the perfect match,regal mayfaire stadium 16 imax,,purchase,8pm,saturday,,,,,nc,,wilmington,date night:,,good,,,
the perfect match,regal mayfaire stadium 16 imax,,george on the riverwak,after dinner,saturday,,,,,nc,,wilmington,date night:,,good,,,
the perfect match,regal mayfaire stadium 16 imax,,purchase,after dinner,saturday,,,,,nc,,wilmington,date night:,,good,,,
the perfect match,regal mayfaire stadium 16 imax,,george on the riverwak,8,saturday,,,,,nc,,wilmington,date night:,,good,,,
star wars the force awakens,regal lloyd center century 16,,japanese restaurant,midnight,tonight,,,,97232,oregon,downtown,seattle,,,,,,
star wars the force awakens,regal lloyd center century 16,,japanese restaurant,midnight,tonight,,,,97232,oregon,downtown,portland,,,,,,
star wars the force awakens,regal movies on tv stadium 16,,japanese restaurant,midnight,tonight,,,,97232,oregon,downtown,seattle,,,,,,
star wars the force awakens,regal movies on tv stadium 16,,japanese restaurant,midnight,tonight,,,,97232,oregon,downtown,portland,,,,,,
star wars the force awakens,regal lloyd,,japanese restaurant,midnight,tonight,,,,97232,oregon,downtown,seattle,,,,,,
race,amc lowes oak tree 6,,,4:50 pm,tomorrow,,,,,,,seattle,,,,,,
race,amc pacific place 11 theater,,,10:00 pm,tomorrow,,amc pacific place 11,,,,,seattle,,,,,,
,,,29 movies,,this weekend,,,,,,,,,,,,,
the witch,regal meridian 16,,,9:30 pm,tomorrow,,,,,,,seattle,,,,,,
the witch,regal meridian 16,,,9:30 pm,tomorrow,,,,,,,seattle,,,,,,
deadpool,carmike summit 16,,,2pm,tomorrow,,,,,al,,birmingham,,,,,,
deadpool,carmike summit 16,,,2:20,tomorrow,,,,,al,,birmingham,,,,,,
deadpool,amc pacific place 11,,,,21-mar,,,,98101,wa,,seattle,,,,,,
deadpool,amc pacific place 11,,,,21-mar,,,,98101,wa,,bellevue,,,,,,
deadpool,bellevue lincoln square cinemas,,,,21-mar,,,,98101,wa,,seattle,,,,,,
deadpool,bellevue lincoln square cinemas,,,,21-mar,,,,98101,wa,,bellevue,,,,,,
deadpool,big picture seattle,,,,21-mar,,,,98101,wa,,seattle,,,,,,
deadpool,carmike summit 16,,,around 2pm,thursday,,,,,al,,birmingham,,,,,,
deadpool,carmike summit,,,around 2pm,thursday,,,,,al,,birmingham,,,,,,
deadpool,carmike summit 16,,,2:20,thursday,,,,,al,,birmingham,,,,,,
deadpool,carmike summit,,,2:20,thursday,,,,,al,,birmingham,,,,,,
deadpool,carmike summit 16,,,2:20pm,thursday,,,,,al,,birmingham,,,,,,
eddie the eagle,century rowland plaza,,,from 4pm to 7pm,next friday,,,,94952,,,,,,,,,
eddie the eagle,century rowland plaza,,,4:20pm,next friday,,,,94952,,,,,,,,,
eddie the eagle,century rowland plaza,,,6:55pm,next friday,,,,94952,,,,,,,,,
eddie the eagle,century rowland plaza,,,4:20,next friday,,,,94952,,,,,,,,,
london has fallen,whittier village stadium cinemas,,,between noon and 4pm,next sunday,,,,90602,ca,,whittier,,,,,,
london has fallen,whittier village stadium cinemas,,,1:30pm,next sunday,,,,90602,ca,,whittier,,,,,,
london has fallen,whittier village stadium cinemas,,,between noon and 4pm,3/13,,,,90602,ca,,whittier,,,,,,
london has fallen,whittier village stadium cinemas,,,1:30pm,3/13,,,,90602,ca,,whittier,,,,,,
zootopia,ncg eastwood cinemas,,,6pm,tomorrow,,,,,michigan,,lansing,comedy,,,,,
zootopia,regal cinemas,,,6pm,tomorrow,,,,,michigan,,lansing,comedy,,,,,
zootopia,cinema lansing,,,6pm,tomorrow,,,,,michigan,,lansing,comedy,,,,,
zootopia,ncg eastwood cinemas,,,6pm,tomorrow,,,,,michigan,,lansing,comedies,,,,,
zootopia,regal cinemas,,,6pm,tomorrow,,,,,michigan,,lansing,comedies,,,,,
,big picture,,I can bring my cat to,,,,,,,,near the space needle,,,,,,,
,big picture,,I can order beer in,,,,,,,,near the space needle,,,,,,,
,cinerama,,I can bring my cat to,,,,,,,,near the space needle,,,,,,,
,cinerama,,I can order beer in,,,,,,,,near the space needle,,,,,,,
,central cinema,,I can bring my cat to,,,,,,,,near the space needle,,,,,,,
zootopia,amc elmwood palace 20,,,5pm,tomorrow,,,,70070,,,seattle,funny,,,,,
zootopia,amc elmwood palace 20,,,5:00 pm,tomorrow,,,,70070,,,seattle,funny,,,,,
zootopia,amc elmwood palace 20,,,5pm,tomorrow,,,,70070,,,seattle,comedy,,,,,
zootopia,amc elmwood palace 20,,,5:00 pm,tomorrow,,,,70070,,,seattle,comedy,,,,,
deadpool,fairview cinema,,,night,this weekend,,,,,la,,bayou vista,,,,,,
deadpool,fairview cinema,,,anytime,this weekend,,,,,la,,bayou vista,,,,,,
deadpool,fairview cinema,,,7pm,this weekend,,,,,la,,bayou vista,,,,,,
deadpool,fairview cinema,,,night,friday,,,,,la,,bayou vista,,,,,,
deadpool,fairview cinema,,,anytime,friday,,,,,la,,bayou vista,,,,,,
zootopia,shields ave,,,once or twice every hour,friday march 11,,,,,california,,manchester stadium 16,,,,,,
zootopia,maya fresno 16,,,once or twice every hour,friday march 11,,,,,california,,manchester stadium 16,,,,,,
zootopia,campus pointe dr,,,once or twice every hour,friday march 11,,,,,california,,manchester stadium 16,,,,,,
zootopia,shields ave,,,once or twice every hour,friday march 11,,,,,ca,,manchester stadium 16,,,,,,
zootopia,maya fresno 16,,,once or twice every hour,friday march 11,,,,,ca,,manchester stadium 16,,,,,,
how to be single,pacific place 11,,date,9,tonight,,amc,,98101,washington,,seattle,romance,,best,,,
how to be single,pacific place 11,,date,9,tonight,,amc,,98101,washington,,seattle,romance,,top,,,
how to be single,pacific place 11,,date,9,tonight,,amc,,98101,wa,,seattle,romance,,best,,,
how to be single,pacific place 11,,date,9,tonight,,amc,,98101,wa,,seattle,romance,,top,,,
how to be single,pacific place 11,,don't know,9,tonight,,amc,,98101,washington,,seattle,romance,,best,,,
10 cloverfield lane,Regal Pioneer Place Stadium,,,10 pm#some time close to that,thursday,,,,,oregon,,portland,,,,,,
10 cloverfield lane,Regal Lloyd Center 10,,,10 pm#some time close to that,thursday,,,,,oregon,,portland,,,,,,
10 cloverfield lane,Bagdad Theatre,,,10 pm#some time close to that,thursday,,,,,oregon,,portland,,,,,,
10 cloverfield lane,regal pioneer place stadium,,,10 pm#some time close to that,thursday,,,,,oregon,,portland,,,,,,
10 cloverfield lane,Regal Pioneer Place Stadium,,,9:50pm,thursday,,,,,oregon,,portland,,,,,,
Whiskey Tango Foxtrot,amc houma palace 10,,,night,this week,,,,,louisiana,,houma,foreign,,,,,
Whiskey Tango Foxtrot,amc houma palace 10,,,night,this week,,,,,louisiana,,Houma,foreign,,,,,
Whiskey Tango Foxtrot,amc houma palace 10,,,night,this week,,,,,louisiana,,houma,comedy,,,,,
Whiskey Tango Foxtrot,amc houma palace 10,,,night,this week,,,,,louisiana,,Houma,comedy,,,,,
Whiskey Tango Foxtrot,amc houma palace 10,,,night,this week,,,,,louisiana,,houma,adult comedy,,,,,
10 cloverfield lane,regal visalia stadium 10,,,11:20am,this weekend,,,,,california,